"Player","POS","POSRANK","Total_SGP","RSGP","HRSGP","RBISGP","SBSGP","OBPSGP","KSGP","QSSGP","SVSGP","ERASGP","WHIPSGP","R","HR","RBI","SB","OBP","AB","H","BB","K","QS","SV","IP","ER","ERA","WHIP","Hits","Walks","Repl_SGP","VAR","OverallRank","label","Jenks","Tier"
"Aaron Judge (NYY - LF,CF,RF,DH)","OF",1,23.041994501406,5.67069360549885,5.68965517241379,6.17193481351854,0.811623246492986,4.69808766348187,0,0,0,0,0,110,46,114,9,0.417,520,152,112,NA,NA,NA,NA,NA,NA,NA,NA,NA,11.2129036383477,11.8290908630583,1,"Aaron Judge (NYY - LF,CF,RF,DH) (OF) SGP: 23.04 | VAR: 11.83","10",1
"Juan Soto (NYM - LF,RF)","OF",2,21.8120854564474,5.61914184544886,4.57646176911544,5.35983812752926,1.8937875751503,4.36285613920355,0,0,0,0,0,109,37,99,21,0.408,543,148,123,NA,NA,NA,NA,NA,NA,NA,NA,NA,11.2129036383477,10.5991818180997,2,"Juan Soto (NYM - LF,RF) (OF) SGP: 21.81 | VAR: 10.6","10",1
"Tarik Skubal (DET - SP)","SP",2,13.0549488418022,0,0,0,0,0,3.06015693112467,2.83938814531549,0,2.92640823636327,4.22899552899877,NA,NA,NA,NA,NA,NA,NA,NA,234,21,0,193.3,58,2.72,0.97,148,40,3.10191869263122,9.95303014917097,3,"Tarik Skubal (DET - SP) (SP) SGP: 13.05 | VAR: 9.95","10",1
"Shohei Ohtani (LAD - SP,DH)","UTIL",1,23.3963777201207,6.39241824619871,5.81334332833583,6.00951547632068,2.16432865731463,3.01677201195084,0,0,0,0,0,124,47,111,24,0.382,572,162,92,NA,NA,NA,NA,NA,NA,NA,NA,NA,14.4242161185755,8.97216160154516,4,"Shohei Ohtani (LAD - SP,DH) (UTIL) SGP: 23.4 | VAR: 8.97","10",1
"Paul Skenes (PIT - SP)","SP",3,11.011311682687,0,0,0,0,0,2.89014821272886,2.70417918601475,0,2.54617311043294,2.87081117351045,NA,NA,NA,NA,NA,NA,NA,NA,221,20,0,186,58,2.79,1.04,146,48,3.10191869263122,7.90939299005578,5,"Paul Skenes (PIT - SP) (SP) SGP: 11.01 | VAR: 7.91","9",2
"Ronald Acuna Jr. (ATL - RF)","OF",3,18.5921184163765,5.4644865652989,3.71064467766117,4.33118232527617,2.25450901803607,2.83129583010416,0,0,0,0,0,106,30,80,25,0.384,540,152,88,NA,NA,NA,NA,NA,NA,NA,NA,NA,11.2129036383477,7.37921477802873,6,"Ronald Acuna Jr. (ATL - RF) (OF) SGP: 18.59 | VAR: 7.38","9",2
"Garrett Crochet (BOS - SP)","SP",4,10.2208753208441,0,0,0,0,0,3.02092414995641,2.56897022671401,0,2.11291090238596,2.51807004178773,NA,NA,NA,NA,NA,NA,NA,NA,231,19,0,189.4,63,3.01,1.07,153,49,3.10191869263122,7.11895662821288,7,"Garrett Crochet (BOS - SP) (SP) SGP: 10.22 | VAR: 7.12","9",2
"Jose Ramirez (CLE - 3B,DH)","3B",1,16.8409056321689,4.69121016454905,3.46326836581709,4.81844033686974,2.97595190380762,0.892034861125423,0,0,0,0,0,91,28,89,33,0.344,580,159,62,NA,NA,NA,NA,NA,NA,NA,NA,NA,9.86000103978641,6.98090459238251,8,"Jose Ramirez (CLE - 3B,DH) (3B) SGP: 16.84 | VAR: 6.98","9",2
"Cal Raleigh (SEA - C,DH)","C",1,15.597231850092,4.48500312434909,4.94752623688156,5.46811768566116,0.721442885771543,-0.0248580825713355,0,0,0,0,0,87,40,101,8,0.326,542,126,76,NA,NA,NA,NA,NA,NA,NA,NA,NA,9.22801056737258,6.36922128271944,9,"Cal Raleigh (SEA - C,DH) (C) SGP: 15.6 | VAR: 6.37","9",2
"Kyle Tucker (LAD - RF,DH)","OF",5,17.5642775217612,4.89741720474901,3.71064467766117,5.03499945313354,1.8937875751503,2.02742861106713,0,0,0,0,0,95,30,93,21,0.368,530,143,82,NA,NA,NA,NA,NA,NA,NA,NA,NA,11.2129036383477,6.35137388341343,10,"Kyle Tucker (LAD - RF,DH) (OF) SGP: 17.56 | VAR: 6.35","9",2
"Kyle Schwarber (PHI - LF,DH)","OF",8,17.4273446462641,5.05207248489898,5.19490254872564,5.57639724379306,0.541082164328657,1.06289020451773,0,0,0,0,0,98,42,103,6,0.346,556,129,98,NA,NA,NA,NA,NA,NA,NA,NA,NA,11.2129036383477,6.21444100791634,11,"Kyle Schwarber (PHI - LF,DH) (OF) SGP: 17.43 | VAR: 6.21","9",2
"Bobby Witt Jr. (KC - SS)","SS",1,17.9023089400899,5.20672776504895,3.58695652173913,5.03499945313354,3.06613226452906,1.00749293563918,0,0,0,0,0,101,29,93,34,0.345,604,177,49,NA,NA,NA,NA,NA,NA,NA,NA,NA,12.0377372392699,5.86457170081993,12,"Bobby Witt Jr. (KC - SS) (SS) SGP: 17.9 | VAR: 5.86","9",2
"Bryan Woo (SEA - SP)","SP",5,8.60920269611289,0,0,0,0,0,2.4716652136007,2.43376126741327,0,1.00680284030253,2.69697337479639,NA,NA,NA,NA,NA,NA,NA,NA,189,18,0,186.9,71,3.4,1.05,157,40,3.10191869263122,5.50728400348167,13,"Bryan Woo (SEA - SP) (SP) SGP: 8.61 | VAR: 5.51","8",3
"Fernando Tatis Jr. (SD - RF)","OF",6,16.3769835720227,5.00052072484899,3.46326836581709,4.38532210434212,2.25450901803607,1.2733633589784,0,0,0,0,0,97,28,81,25,0.35,566,153,71,NA,NA,NA,NA,NA,NA,NA,NA,NA,11.2129036383477,5.16407993367495,14,"Fernando Tatis Jr. (SD - RF) (OF) SGP: 16.38 | VAR: 5.16","8",3
"Corbin Carroll (ARI - CF,RF)","OF",7,16.1308340685332,5.05207248489898,3.09220389805097,4.38532210434212,2.97595190380762,0.62528367743348,0,0,0,0,0,98,25,81,33,0.339,538,140,65,NA,NA,NA,NA,NA,NA,NA,NA,NA,11.2129036383477,4.91793043018544,15,"Corbin Carroll (ARI - CF,RF) (OF) SGP: 16.13 | VAR: 4.92","8",3
"Vladimir Guerrero Jr. (TOR - 1B,DH)","1B",1,16.8303278761189,4.84586544469902,3.71064467766117,5.25155856939735,0.450901803607214,2.57135738075419,0,0,0,0,0,94,30,97,5,0.375,579,171,74,NA,NA,NA,NA,NA,NA,NA,NA,NA,11.9165836981116,4.91374417800736,16,"Vladimir Guerrero Jr. (TOR - 1B,DH) (1B) SGP: 16.83 | VAR: 4.91","8",3
"Logan Gilbert (SEA - SP)","SP",8,7.89361856581005,0,0,0,0,0,2.41935483870968,2.1633433488118,0,0.990175457600223,2.32074492068836,NA,NA,NA,NA,NA,NA,NA,NA,185,16,0,165.4,62,3.38,1.06,136,39,3.10191869263122,4.79169987317883,17,"Logan Gilbert (SEA - SP) (SP) SGP: 7.89 | VAR: 4.79","8",3
"Cristopher Sanchez (PHI - SP)","SP",6,7.87126193951534,0,0,0,0,0,2.45858761987794,2.56897022671401,0,1.62213600342231,1.22156808950108,NA,NA,NA,NA,NA,NA,NA,NA,188,19,0,191.7,68,3.19,1.14,172,47,3.10191869263122,4.76934324688412,18,"Cristopher Sanchez (PHI - SP) (SP) SGP: 7.87 | VAR: 4.77","8",3
"Junior Caminero (TB - 3B)","3B",2,14.5399089724149,4.27879608414914,4.57646176911544,5.63053702285902,0.541082164328657,-0.48696806803734,0,0,0,0,0,83,37,104,6,0.318,583,156,43,NA,NA,NA,NA,NA,NA,NA,NA,NA,9.86000103978641,4.6799079326285,19,"Junior Caminero (TB - 3B) (3B) SGP: 14.54 | VAR: 4.68","8",3
"Julio Rodriguez (SEA - CF)","OF",4,15.8817912687914,4.84586544469902,3.71064467766117,5.0891392321995,2.43486973947896,-0.19872782524726,0,0,0,0,0,94,30,94,27,0.324,608,165,47,NA,NA,NA,NA,NA,NA,NA,NA,NA,11.2129036383477,4.66888763044366,20,"Julio Rodriguez (SEA - CF) (OF) SGP: 15.88 | VAR: 4.67","8",3
"Ketel Marte (ARI - 2B,DH)","2B",1,14.3734981990996,4.58810664444907,3.33958020989505,4.54774144153997,0.450901803607214,1.44716809960824,0,0,0,0,0,89,27,84,5,0.355,536,148,67,NA,NA,NA,NA,NA,NA,NA,NA,NA,9.70770606141486,4.6657921376847,21,"Ketel Marte (ARI - 2B,DH) (2B) SGP: 14.37 | VAR: 4.67","8",3
"Chris Sale (ATL - SP)","SP",10,7.65959538351445,0,0,0,0,0,2.55013077593723,2.1633433488118,0,1.28830295775325,1.65781830101217,NA,NA,NA,NA,NA,NA,NA,NA,195,16,0,159.4,57,3.23,1.1,132,43,3.10191869263122,4.55767669088323,22,"Chris Sale (ATL - SP) (SP) SGP: 7.66 | VAR: 4.56","8",3
"Mason Miller (SD - RP)","RP",1,7.51379612137027,0,0,0,0,0,1.32083696599826,0,3.74312557286893,1.17078869300967,1.27904488949342,NA,NA,NA,NA,NA,NA,NA,NA,101,0,33,65.3,18,2.51,0.99,40,25,3.25057100206917,4.2632251193011,23,"Mason Miller (SD - RP) (RP) SGP: 7.51 | VAR: 4.26","8",3
"Elly De La Cruz (CIN - SS)","SS",3,16.2703146103078,4.84586544469902,2.96851574212894,4.43946188340807,3.69739478957916,0.319076750492631,0,0,0,0,0,94,24,82,41,0.333,585,153,63,NA,NA,NA,NA,NA,NA,NA,NA,NA,12.0377372392699,4.23257737103788,24,"Elly De La Cruz (CIN - SS) (SS) SGP: 16.27 | VAR: 4.23","8",3
"Jacob deGrom (TEX - SP)","SP",11,7.33148695142713,0,0,0,0,0,2.3539668700959,2.02813438951106,0,0.73405819950265,2.21532749231752,NA,NA,NA,NA,NA,NA,NA,NA,180,15,0,162.8,63,3.48,1.06,134,39,3.10191869263122,4.22956825879591,25,"Jacob deGrom (TEX - SP) (SP) SGP: 7.33 | VAR: 4.23","8",3
"Jazz Chisholm Jr. (NYY - 2B,3B)","2B",2,13.9362377101973,4.02103728389919,3.46326836581709,4.22290276714426,2.79559118236473,-0.566561889027953,0,0,0,0,0,78,28,78,31,0.314,518,125,56,NA,NA,NA,NA,NA,NA,NA,NA,NA,9.70770606141486,4.22853164878246,26,"Jazz Chisholm Jr. (NYY - 2B,3B) (2B) SGP: 13.94 | VAR: 4.23","8",3
"Gunnar Henderson (BAL - SS)","SS",2,16.2641868546504,5.05207248489898,3.33958020989505,4.71016077873783,2.07414829659319,1.08822508452537,0,0,0,0,0,98,27,87,23,0.347,583,159,67,NA,NA,NA,NA,NA,NA,NA,NA,NA,12.0377372392699,4.22644961538048,27,"Gunnar Henderson (BAL - SS) (SS) SGP: 16.26 | VAR: 4.23","8",3
"Logan Webb (SF - SP)","SP",7,7.21491854954205,0,0,0,0,0,2.45858761987794,2.56897022671401,0,1.4298819538497,0.757478749100398,NA,NA,NA,NA,NA,NA,NA,NA,188,19,0,197.4,72,3.28,1.17,186,45,3.10191869263122,4.11299985691083,28,"Logan Webb (SF - SP) (SP) SGP: 7.21 | VAR: 4.11","8",3
"Yordan Alvarez (HOU - LF,DH)","OF",11,15.1608930508829,4.12414080399917,3.71064467766117,4.60188122060593,0.270541082164329,2.45368526645227,0,0,0,0,0,80,30,85,3,0.383,472,138,69,NA,NA,NA,NA,NA,NA,NA,NA,NA,11.2129036383477,3.94798941253513,29,"Yordan Alvarez (HOU - LF,DH) (OF) SGP: 15.16 | VAR: 3.95","8",3
"Yoshinobu Yamamoto (LAD - SP)","SP",12,7.02289682820735,0,0,0,0,0,2.27550130775937,2.1633433488118,0,1.17699673530254,1.40705543633364,NA,NA,NA,NA,NA,NA,NA,NA,174,16,0,159.6,58,3.27,1.11,130,48,3.10191869263122,3.92097813557613,30,"Yoshinobu Yamamoto (LAD - SP) (SP) SGP: 7.02 | VAR: 3.92","8",3
"Zack Wheeler (PHI - SP)","SP",19,6.83217268773659,0,0,0,0,0,2.10549258936356,1.89292543021032,0,1.08267600969334,1.75107865846936,NA,NA,NA,NA,NA,NA,NA,NA,161,14,0,141.3,51,3.28,1.08,115,37,3.10191869263122,3.73025399510537,31,"Zack Wheeler (PHI - SP) (SP) SGP: 6.83 | VAR: 3.73","7",4
"Nick Kurtz (ATH - 1B)","1B",2,15.5989328458222,4.69121016454905,4.57646176911544,5.0891392321995,0.270541082164329,0.971580597793897,0,0,0,0,0,91,37,94,3,0.347,515,134,69,NA,NA,NA,NA,NA,NA,NA,NA,NA,11.9165836981116,3.68234914771063,32,"Nick Kurtz (ATH - 1B) (1B) SGP: 15.6 | VAR: 3.68","7",4
"Edwin Diaz (LAD - RP)","RP",2,6.9307160782671,0,0,0,0,0,1.17698343504795,0,4.19683776351971,0.67207293200615,0.884821947693291,NA,NA,NA,NA,NA,NA,NA,NA,90,0,37,65,22,3.02,1.06,47,22,3.25057100206917,3.68014507619793,33,"Edwin Diaz (LAD - RP) (RP) SGP: 6.93 | VAR: 3.68","7",4
"Max Fried (NYY - SP)","SP",9,6.70325246374291,0,0,0,0,0,2.26242371403662,2.43376126741327,0,1.29249163202817,0.714575850264853,NA,NA,NA,NA,NA,NA,NA,NA,173,18,0,183,67,3.31,1.17,160,54,3.10191869263122,3.60133377111169,34,"Max Fried (NYY - SP) (SP) SGP: 6.7 | VAR: 3.6","7",4
"Brent Rooker (ATH - LF,RF,DH)","OF",10,14.7262468994674,4.48500312434909,4.08170914542729,5.25155856939735,0.541082164328657,0.366893895965045,0,0,0,0,0,87,33,97,6,0.335,573,151,61,NA,NA,NA,NA,NA,NA,NA,NA,NA,11.2129036383477,3.51334326111971,35,"Brent Rooker (ATH - LF,RF,DH) (OF) SGP: 14.73 | VAR: 3.51","7",4
"George Kirby (SEA - SP)","SP",14,6.59128467245491,0,0,0,0,0,2.19703574542284,2.1633433488118,0,0.554381394637075,1.6765241835832,NA,NA,NA,NA,NA,NA,NA,NA,168,16,0,171.1,68,3.55,1.11,156,33,3.10191869263122,3.48936597982369,36,"George Kirby (SEA - SP) (SP) SGP: 6.59 | VAR: 3.49","7",4
"Hunter Brown (HOU - SP)","SP",13,6.47151887599126,0,0,0,0,0,2.53705318221447,2.43376126741327,0,0.877578364400534,0.623126061962979,NA,NA,NA,NA,NA,NA,NA,NA,194,18,0,179.7,69,3.44,1.18,152,59,3.10191869263122,3.36960018336004,37,"Hunter Brown (HOU - SP) (SP) SGP: 6.47 | VAR: 3.37","7",4
"Cole Ragans (KC - SP)","SP",15,6.33720114523697,0,0,0,0,0,2.53705318221447,2.02813438951106,0,0.864170173677991,0.907843399833444,NA,NA,NA,NA,NA,NA,NA,NA,194,15,0,155.9,59,3.38,1.15,124,55,3.10191869263122,3.23528245260575,38,"Cole Ragans (KC - SP) (SP) SGP: 6.34 | VAR: 3.24","7",4
"James Wood (WSH - LF,DH)","OF",13,14.4242161185755,4.27879608414914,3.21589205397301,4.43946188340807,1.44288577154309,1.04718032550222,0,0,0,0,0,83,26,82,16,0.348,550,143,74,NA,NA,NA,NA,NA,NA,NA,NA,NA,11.2129036383477,3.2113124802278,39,"James Wood (WSH - LF,DH) (OF) SGP: 14.42 | VAR: 3.21","7",4
"Cade Smith (CLE - RP)","RP",3,6.42866250049914,0,0,0,0,0,1.1639058413252,0,3.51626947754354,0.877168476253655,0.87131870537675,NA,NA,NA,NA,NA,NA,NA,NA,89,0,31,69,22,2.88,1.07,53,21,3.25057100206917,3.17809149842997,40,"Cade Smith (CLE - RP) (RP) SGP: 6.43 | VAR: 3.18","7",4
"William Contreras (MIL - C,DH)","C",2,12.3605837977229,4.02103728389919,2.35007496251874,4.16876298807831,0.541082164328657,1.27962639889799,0,0,0,0,0,78,19,77,6,0.354,527,141,70,NA,NA,NA,NA,NA,NA,NA,NA,NA,9.22801056737258,3.1325732303503,41,"William Contreras (MIL - C,DH) (C) SGP: 12.36 | VAR: 3.13","7",4
"Bryce Harper (PHI - 1B)","1B",5,15.0380010498388,4.27879608414914,3.33958020989505,4.71016077873783,0.901803607214429,1.80766036984235,0,0,0,0,0,83,27,87,10,0.362,535,146,76,NA,NA,NA,NA,NA,NA,NA,NA,NA,11.9165836981116,3.12141735172721,42,"Bryce Harper (PHI - 1B) (1B) SGP: 15.04 | VAR: 3.12","7",4
"Joe Ryan (MIN - SP)","SP",18,6.16442447320507,0,0,0,0,0,2.41935483870968,2.02813438951106,0,0.0546993173000596,1.66223592768427,NA,NA,NA,NA,NA,NA,NA,NA,185,15,0,168.5,71,3.8,1.1,146,40,3.10191869263122,3.06250578057384,43,"Joe Ryan (MIN - SP) (SP) SGP: 6.16 | VAR: 3.06","7",4
"Wyatt Langford (TEX - LF,CF)","OF",14,14.1329755140147,4.33034784419913,2.96851574212894,4.06048342994641,1.98396793587174,0.789660561868454,0,0,0,0,0,84,24,75,22,0.342,532,136,71,NA,NA,NA,NA,NA,NA,NA,NA,NA,11.2129036383477,2.92007187566693,44,"Wyatt Langford (TEX - LF,CF) (OF) SGP: 14.13 | VAR: 2.92","7",4
"Manny Machado (SD - 3B)","3B",4,12.7617242914084,4.07258904394918,3.21589205397301,4.76430055780378,0.811623246492986,-0.102680610810521,0,0,0,0,0,79,26,88,9,0.324,575,152,52,NA,NA,NA,NA,NA,NA,NA,NA,NA,9.86000103978641,2.90172325162202,45,"Manny Machado (SD - 3B) (3B) SGP: 12.76 | VAR: 2.9","7",4
"Andres Munoz (SEA - RP)","RP",5,6.01728481483486,0,0,0,0,0,1.03312990409765,0,3.62969752520623,0.800946069314766,0.553511316216213,NA,NA,NA,NA,NA,NA,NA,NA,79,0,32,62.8,20,2.91,1.12,45,25,3.25057100206917,2.76671381276569,46,"Andres Munoz (SEA - RP) (RP) SGP: 6.02 | VAR: 2.77","7",4
"Jhoan Duran (PHI - RP)","RP",4,6.01357525263392,0,0,0,0,0,1.00697471665214,0,3.62969752520623,0.869814833384548,0.507088177391007,NA,NA,NA,NA,NA,NA,NA,NA,77,0,32,66.5,21,2.88,1.12,54,21,3.25057100206917,2.76300425056476,47,"Jhoan Duran (PHI - RP) (RP) SGP: 6.01 | VAR: 2.76","7",4
"Jesus Luzardo (PHI - SP)","SP",17,5.7863741342942,0,0,0,0,0,2.57628596338274,2.29855230811254,0,0.38249202878884,0.529043834010088,NA,NA,NA,NA,NA,NA,NA,NA,197,17,0,177.2,72,3.66,1.18,154,55,3.10191869263122,2.68445544166298,48,"Jesus Luzardo (PHI - SP) (SP) SGP: 5.79 | VAR: 2.68","7",4
"Rafael Devers (SF - 1B,DH)","1B",6,14.5751043560085,4.58810664444907,3.71064467766117,4.98085967406759,0.180360721442886,1.1151326383878,0,0,0,0,0,89,30,92,2,0.347,567,144,82,NA,NA,NA,NA,NA,NA,NA,NA,NA,11.9165836981116,2.65852065789693,49,"Rafael Devers (SF - 1B,DH) (1B) SGP: 14.58 | VAR: 2.66","7",4
"Brice Turang (MIL - 2B)","2B",4,12.3096844173655,4.17569256404916,1.85532233883058,3.57322541835284,2.61523046092184,0.0902136352110682,0,0,0,0,0,81,15,66,29,0.328,570,148,59,NA,NA,NA,NA,NA,NA,NA,NA,NA,9.70770606141486,2.60197835595063,50,"Brice Turang (MIL - 2B) (2B) SGP: 12.31 | VAR: 2.6","6",5
"Pete Alonso (BAL - 1B)","1B",3,14.4679481926952,4.38189960424911,4.4527736131934,5.63053702285902,0.180360721442886,-0.177622769049218,0,0,0,0,0,85,36,104,2,0.325,582,148,60,NA,NA,NA,NA,NA,NA,NA,NA,NA,11.9165836981116,2.55136449458362,51,"Pete Alonso (BAL - 1B) (1B) SGP: 14.47 | VAR: 2.55","6",5
"Nathan Eovaldi (TEX - SP)","SP",20,5.60148011210923,0,0,0,0,0,2.04010462074978,2.02813438951106,0,0.464856504418063,1.06838459743033,NA,NA,NA,NA,NA,NA,NA,NA,156,15,0,162.3,65,3.62,1.14,144,41,3.10191869263122,2.49956141947801,52,"Nathan Eovaldi (TEX - SP) (SP) SGP: 5.6 | VAR: 2.5","6",5
"Jackson Chourio (MIL - LF,CF,RF)","OF",9,13.7018043077105,4.53655488439908,2.96851574212894,4.54774144153997,2.16432865731463,-0.515336417672072,0,0,0,0,0,88,24,84,24,0.316,584,158,40,NA,NA,NA,NA,NA,NA,NA,NA,NA,11.2129036383477,2.48890066936282,53,"Jackson Chourio (MIL - LF,CF,RF) (OF) SGP: 13.7 | VAR: 2.49","6",5
"David Bednar (NYY - RP)","RP",7,5.71293740066408,0,0,0,0,0,0.99389712292938,0,3.74312557286893,0.433355610927901,0.542559093937871,NA,NA,NA,NA,NA,NA,NA,NA,76,0,33,62.7,23,3.25,1.12,49,21,3.25057100206917,2.46236639859491,54,"David Bednar (NYY - RP) (RP) SGP: 5.71 | VAR: 2.46","6",5
"Aroldis Chapman (BOS - RP)","RP",8,5.68665808814528,0,0,0,0,0,1.08544027898867,0,3.51626947754354,0.657424486665207,0.427523844947866,NA,NA,NA,NA,NA,NA,NA,NA,83,0,31,60,20,3,1.15,42,26,3.25057100206917,2.43608708607611,55,"Aroldis Chapman (BOS - RP) (RP) SGP: 5.69 | VAR: 2.44","6",5
"Matt Olson (ATL - 1B)","1B",7,14.300984910841,4.53655488439908,3.71064467766117,5.0891392321995,0.0901803607214429,0.874465755859778,0,0,0,0,0,88,30,94,1,0.342,581,147,80,NA,NA,NA,NA,NA,NA,NA,NA,NA,11.9165836981116,2.38440121272938,56,"Matt Olson (ATL - 1B) (1B) SGP: 14.3 | VAR: 2.38","6",5
"Freddie Freeman (LAD - 1B)","1B",4,14.2761446917836,4.4334513642991,2.8448275862069,4.76430055780378,0.721442885771543,1.51212229770231,0,0,0,0,0,86,23,88,8,0.355,556,156,66,NA,NA,NA,NA,NA,NA,NA,NA,NA,11.9165836981116,2.35956099367206,57,"Freddie Freeman (LAD - 1B) (1B) SGP: 14.28 | VAR: 2.36","6",5
"Maikel Garcia (KC - 2B,3B,SS,OF)","2B",3,12.0377372392699,4.22724432409915,1.60794602698651,3.57322541835284,2.34468937875751,0.28463209107393,0,0,0,0,0,82,13,66,26,0.333,580,157,54,NA,NA,NA,NA,NA,NA,NA,NA,NA,9.70770606141486,2.33003117785507,58,"Maikel Garcia (KC - 2B,3B,SS,OF) (2B) SGP: 12.04 | VAR: 2.33","6",5
"Austin Riley (ATL - 3B)","3B",5,12.1737053558091,4.22724432409915,3.46326836581709,4.76430055780378,0.180360721442886,-0.461468613353831,0,0,0,0,0,82,28,88,2,0.319,574,150,48,NA,NA,NA,NA,NA,NA,NA,NA,NA,9.86000103978641,2.31370431602266,59,"Austin Riley (ATL - 3B) (3B) SGP: 12.17 | VAR: 2.31","6",5
"Devin Williams (NYM - RP)","RP",6,5.53699443645091,0,0,0,0,0,1.09851787271142,0,3.51626947754354,0.584930142646311,0.337276943549638,NA,NA,NA,NA,NA,NA,NA,NA,84,0,31,63.3,22,3.09,1.14,46,27,3.25057100206917,2.28642343438174,60,"Devin Williams (NYM - RP) (RP) SGP: 5.54 | VAR: 2.29","6",5
"Framber Valdez (DET - SP)","SP",16,5.37666905522842,0,0,0,0,0,2.34088927637315,2.43376126741327,0,0.874053025610318,-0.27203451416832,NA,NA,NA,NA,NA,NA,NA,NA,179,18,0,191.4,74,3.49,1.23,171,64,3.10191869263122,2.2747503625972,61,"Framber Valdez (DET - SP) (SP) SGP: 5.38 | VAR: 2.27","6",5
"Eugenio Suarez (CIN - 3B)","3B",7,12.1316851894426,3.91793376379921,4.20539730134932,5.0891392321995,0.270541082164329,-1.35132619006974,0,0,0,0,0,76,34,94,3,0.3,543,127,51,NA,NA,NA,NA,NA,NA,NA,NA,NA,9.86000103978641,2.27168414965621,62,"Eugenio Suarez (CIN - 3B) (3B) SGP: 12.13 | VAR: 2.27","6",5
"Francisco Lindor (NYM - SS)","SS",5,14.2140190507268,4.79431368464903,3.09220389805097,4.22290276714426,2.07414829659319,0.030450404289311,0,0,0,0,0,93,25,78,23,0.326,563,147,56,NA,NA,NA,NA,NA,NA,NA,NA,NA,12.0377372392699,2.17628181145683,63,"Francisco Lindor (NYM - SS) (SS) SGP: 14.21 | VAR: 2.18","6",5
"Matt Chapman (SF - 3B)","3B",9,11.9884735052923,4.12414080399917,2.96851574212894,4.16876298807831,0.811623246492986,-0.0845692754070581,0,0,0,0,0,80,24,77,9,0.326,538,128,70,NA,NA,NA,NA,NA,NA,NA,NA,NA,9.86000103978641,2.12847246550593,64,"Matt Chapman (SF - 3B) (3B) SGP: 11.99 | VAR: 2.13","6",5
"Munetaka Murakami (CWS - 1B,3B)","3B",10,11.9165836981116,3.60862320349927,3.46326836581709,4.06048342994641,0.811623246492986,-0.0274145476441685,0,0,0,0,0,70,28,75,9,0.326,482,107,75,NA,NA,NA,NA,NA,NA,NA,NA,NA,9.86000103978641,2.05658265832517,65,"Munetaka Murakami (CWS - 1B,3B) (3B) SGP: 11.92 | VAR: 2.06","6",5
"Brandon Woodruff (MIL - SP)","SP",27,5.1120255076316,0,0,0,0,0,2.04010462074978,1.89292543021032,0,0.161906102941844,1.01708935372965,NA,NA,NA,NA,NA,NA,NA,NA,156,14,0,147,61,3.76,1.13,127,40,3.10191869263122,2.01010681500038,66,"Brandon Woodruff (MIL - SP) (SP) SGP: 5.11 | VAR: 2.01","6",5
"Nick Pivetta (SD - SP)","SP",24,5.04090481235816,0,0,0,0,0,2.39319965126417,2.02813438951106,0,-0.25382278707753,0.87339355866046,NA,NA,NA,NA,NA,NA,NA,NA,183,15,0,169.6,74,3.91,1.16,145,51,3.10191869263122,1.93898611972694,67,"Nick Pivetta (SD - SP) (SP) SGP: 5.04 | VAR: 1.94","6",5
"Sonny Gray (BOS - SP)","SP",23,4.99071587109414,0,0,0,0,0,2.3539668700959,2.1633433488118,0,0.20965999449438,0.263745657692061,NA,NA,NA,NA,NA,NA,NA,NA,180,16,0,171.5,71,3.74,1.2,160,45,3.10191869263122,1.88879717846292,68,"Sonny Gray (BOS - SP) (SP) SGP: 4.99 | VAR: 1.89","6",5
"Dylan Cease (TOR - SP)","SP",21,4.98126763310092,0,0,0,0,0,2.615518744551,2.1633433488118,0,0.264282236034614,-0.0618766962964928,NA,NA,NA,NA,NA,NA,NA,NA,200,16,0,170.2,70,3.69,1.22,142,65,3.10191869263122,1.8793489404697,69,"Dylan Cease (TOR - SP) (SP) SGP: 4.98 | VAR: 1.88","6",5
"Josh Hader (HOU - RP) IL15","RP",10,5.12136280618216,0,0,0,0,0,0.980819529206625,0,3.06255728689276,0.396095282850265,0.681890707232509,NA,NA,NA,NA,NA,NA,NA,NA,75,0,27,54.9,20,3.2,1.07,38,21,3.25057100206917,1.87079180411299,70,"Josh Hader (HOU - RP) IL15 (RP) SGP: 5.12 | VAR: 1.87","6",5
"Ben Rice (NYY - C,1B,DH)","C",6,11.0321522086841,3.66017496354926,3.21589205397301,3.9522038718145,0.360721442885772,-0.156840123538426,0,0,0,0,0,71,26,73,4,0.323,463,114,53,NA,NA,NA,NA,NA,NA,NA,NA,NA,9.22801056737258,1.80414164131154,71,"Ben Rice (NYY - C,1B,DH) (C) SGP: 11.03 | VAR: 1.8","6",5
"Shea Langeliers (ATH - C)","C",4,11.0155809346016,3.55707144344928,3.46326836581709,4.22290276714426,0.450901803607214,-0.678563445416265,0,0,0,0,0,69,28,78,5,0.31,472,120,39,NA,NA,NA,NA,NA,NA,NA,NA,NA,9.22801056737258,1.787570367229,72,"Shea Langeliers (ATH - C) (C) SGP: 11.02 | VAR: 1.79","6",5
"Roman Anthony (BOS - LF,CF,RF)","OF",25,12.9927445793882,4.38189960424911,2.2263868065967,3.68150497648474,0.901803607214429,1.80114958484321,0,0,0,0,0,85,18,68,10,0.363,521,140,78,NA,NA,NA,NA,NA,NA,NA,NA,NA,11.2129036383477,1.77984094104047,73,"Roman Anthony (BOS - LF,CF,RF) (OF) SGP: 12.99 | VAR: 1.78","6",5
"Ivan Herrera (STL - C,DH)","C",7,10.9810325286147,3.4539679233493,2.2263868065967,3.62736519741879,0.811623246492986,0.861689354756933,0,0,0,0,0,67,18,67,9,0.348,474,128,56,NA,NA,NA,NA,NA,NA,NA,NA,NA,9.22801056737258,1.75302196124213,74,"Ivan Herrera (STL - C,DH) (C) SGP: 10.98 | VAR: 1.75","6",5
"Alex Bregman (CHC - 3B)","3B",8,11.61044725741,4.17569256404916,2.72113943028486,4.27704254621021,0.180360721442886,0.256211995422885,0,0,0,0,0,81,22,79,2,0.332,565,143,67,NA,NA,NA,NA,NA,NA,NA,NA,NA,9.86000103978641,1.75044621762359,75,"Alex Bregman (CHC - 3B) (3B) SGP: 11.61 | VAR: 1.75","6",5
"Gleyber Torres (DET - 2B)","2B",8,11.4346150316017,4.07258904394918,2.2263868065967,3.73564475555069,0.541082164328657,0.858912261176478,0,0,0,0,0,79,18,69,6,0.343,559,145,72,NA,NA,NA,NA,NA,NA,NA,NA,NA,9.70770606141486,1.72690897018684,76,"Gleyber Torres (DET - 2B) (2B) SGP: 11.43 | VAR: 1.73","6",5
"Mookie Betts (LAD - SS)","SS",7,13.7634613051472,4.63965840449906,2.72113943028486,4.43946188340807,0.811623246492986,1.15157834046219,0,0,0,0,0,90,22,82,9,0.349,547,148,67,NA,NA,NA,NA,NA,NA,NA,NA,NA,12.0377372392699,1.72572406587724,77,"Mookie Betts (LAD - SS) (SS) SGP: 13.76 | VAR: 1.73","6",5
"Freddy Peralta (NYM - SP)","SP",22,4.78712285577445,0,0,0,0,0,2.39319965126417,2.02813438951106,0,0.138122125290095,0.227666689709123,NA,NA,NA,NA,NA,NA,NA,NA,183,15,0,165.4,69,3.78,1.2,137,61,3.10191869263122,1.68520416314323,78,"Freddy Peralta (NYM - SP) (SP) SGP: 4.79 | VAR: 1.69","6",5
"Drew Rasmussen (TB - SP)","SP",29,4.75180910939016,0,0,0,0,0,1.81778552746295,1.89292543021032,0,0.411631339336224,0.629466812380661,NA,NA,NA,NA,NA,NA,NA,NA,139,14,0,154.2,62,3.64,1.17,139,41,3.10191869263122,1.64989041675893,79,"Drew Rasmussen (TB - SP) (SP) SGP: 4.75 | VAR: 1.65","6",5
"George Springer (TOR - LF,CF,RF,DH)","OF",16,12.8540852948629,4.27879608414914,2.96851574212894,3.9522038718145,1.2625250501002,0.392044546670128,0,0,0,0,0,83,24,73,14,0.335,516,134,59,NA,NA,NA,NA,NA,NA,NA,NA,NA,11.2129036383477,1.64118165651517,80,"George Springer (TOR - LF,CF,RF,DH) (OF) SGP: 12.85 | VAR: 1.64","6",5
"Pete Crow-Armstrong (CHC - CF)","OF",12,12.8490770951085,4.27879608414914,2.96851574212894,4.38532210434212,2.97595190380762,-1.75950873931929,0,0,0,0,0,83,24,81,33,0.292,566,141,34,NA,NA,NA,NA,NA,NA,NA,NA,NA,11.2129036383477,1.63617345676079,81,"Pete Crow-Armstrong (CHC - CF) (OF) SGP: 12.85 | VAR: 1.64","6",5
"Riley Greene (DET - LF,CF,RF,DH)","OF",15,12.8207874884842,4.17569256404916,3.46326836581709,4.92671989500164,0.360721442885772,-0.105614779269468,0,0,0,0,0,81,28,91,4,0.326,565,146,56,NA,NA,NA,NA,NA,NA,NA,NA,NA,11.2129036383477,1.60788385013646,82,"Riley Greene (DET - LF,CF,RF,DH) (OF) SGP: 12.82 | VAR: 1.61","6",5
"Jose Altuve (HOU - 2B,LF,DH)","2B",5,11.3076193558112,4.02103728389919,2.47376311844078,3.78978453461665,1.08216432865731,-0.0591299098027299,0,0,0,0,0,78,20,70,12,0.325,553,146,51,NA,NA,NA,NA,NA,NA,NA,NA,NA,9.70770606141486,1.59991329439634,83,"Jose Altuve (HOU - 2B,LF,DH) (2B) SGP: 11.31 | VAR: 1.6","6",5
"Kyle Bradish (BAL - SP)","SP",33,4.53840124368502,0,0,0,0,0,1.9485614646905,1.75771647090959,0,0.43203128776822,0.400092020316721,NA,NA,NA,NA,NA,NA,NA,NA,149,13,0,138.1,55,3.59,1.18,119,44,3.10191869263122,1.4364825510538,84,"Kyle Bradish (BAL - SP) (SP) SGP: 4.54 | VAR: 1.44","5",6
"Luis Castillo (SEA - SP)","SP",26,4.52820062918838,0,0,0,0,0,2.18395815170009,2.1633433488118,0,-0.149406240845706,0.330305369522201,NA,NA,NA,NA,NA,NA,NA,NA,167,16,0,178.7,77,3.88,1.19,162,51,3.10191869263122,1.42628193655716,85,"Luis Castillo (SEA - SP) (SP) SGP: 4.53 | VAR: 1.43","5",6
"Blake Snell (LAD - SP)","SP",31,4.5152503020759,0,0,0,0,0,2.11857018308631,1.75771647090959,0,0.667987291211593,-0.0290236431315897,NA,NA,NA,NA,NA,NA,NA,NA,162,13,0,130.9,50,3.45,1.22,102,57,3.10191869263122,1.41333160944468,86,"Blake Snell (LAD - SP) (SP) SGP: 4.52 | VAR: 1.41","5",6
"Randy Arozarena (SEA - LF,CF)","OF",22,12.6152161451566,4.33034784419913,2.8448275862069,4.06048342994641,2.16432865731463,-0.784771372510432,0,0,0,0,0,84,23,75,24,0.312,569,133,65,NA,NA,NA,NA,NA,NA,NA,NA,NA,11.2129036383477,1.4023125068089,87,"Randy Arozarena (SEA - LF,CF) (OF) SGP: 12.62 | VAR: 1.4","5",6
"Raisel Iglesias (ATL - RP)","RP",14,4.64496682192121,0,0,0,0,0,0.902353966870095,0,3.06255728689276,0.178493838761165,0.501561729397196,NA,NA,NA,NA,NA,NA,NA,NA,69,0,27,64.8,26,3.62,1.14,56,17,3.25057100206917,1.39439581985205,88,"Raisel Iglesias (ATL - RP) (RP) SGP: 4.64 | VAR: 1.39","5",6
"Hunter Goodman (COL - C,DH)","C",3,10.5412649531554,3.50551968339929,3.46326836581709,4.49360166247402,0.180360721442886,-1.10148547997788,0,0,0,0,0,68,28,83,2,0.303,508,130,34,NA,NA,NA,NA,NA,NA,NA,NA,NA,9.22801056737258,1.31325438578283,89,"Hunter Goodman (COL - C,DH) (C) SGP: 10.54 | VAR: 1.31","5",6
"Ryan Helsley (BAL - RP)","RP",17,4.52401210194515,0,0,0,0,0,0.928509154315605,0,3.17598533455545,0.31765870980919,0.1018589032649,NA,NA,NA,NA,NA,NA,NA,NA,71,0,28,62.8,24,3.5,1.21,52,23,3.25057100206917,1.27344109987598,90,"Ryan Helsley (BAL - RP) (RP) SGP: 4.52 | VAR: 1.27","5",6
"Seiya Suzuki (CHC - LF,RF,DH)","OF",23,12.4815201964871,3.86638200374922,3.09220389805097,4.49360166247402,0.6312625250501,0.398070107162759,0,0,0,0,0,75,25,83,7,0.336,524,134,63,NA,NA,NA,NA,NA,NA,NA,NA,NA,11.2129036383477,1.26861655813935,91,"Seiya Suzuki (CHC - LF,RF,DH) (OF) SGP: 12.48 | VAR: 1.27","5",6
"Zach Neto (LAA - SS)","SS",6,13.3043101021928,4.4334513642991,3.33958020989505,4.16876298807831,2.43486973947896,-1.07235419955863,0,0,0,0,0,86,27,77,27,0.306,562,142,43,NA,NA,NA,NA,NA,NA,NA,NA,NA,12.0377372392699,1.26657286292286,92,"Zach Neto (LAA - SS) (SS) SGP: 13.3 | VAR: 1.27","5",6
"Trea Turner (PHI - SS)","SS",4,13.2612777849463,4.58810664444907,2.2263868065967,3.8439243136826,2.43486973947896,0.167990280738923,0,0,0,0,0,89,18,71,27,0.328,579,164,41,NA,NA,NA,NA,NA,NA,NA,NA,NA,12.0377372392699,1.22354054567632,93,"Trea Turner (PHI - SS) (SS) SGP: 13.26 | VAR: 1.22","5",6
"Will Smith (LAD - C)","C",9,10.445373669908,3.50551968339929,2.35007496251874,3.62736519741879,0.180360721442886,0.782053105128332,0,0,0,0,0,68,19,67,2,0.348,424,110,57,NA,NA,NA,NA,NA,NA,NA,NA,NA,9.22801056737258,1.21736310253546,94,"Will Smith (LAD - C) (C) SGP: 10.45 | VAR: 1.22","5",6
"Christian Yelich (MIL - LF,DH)","OF",26,12.429720481907,3.86638200374922,2.47376311844078,4.06048342994641,1.44288577154309,0.586206158227475,0,0,0,0,0,75,20,75,16,0.339,516,133,64,NA,NA,NA,NA,NA,NA,NA,NA,NA,11.2129036383477,1.21681684355924,95,"Christian Yelich (MIL - LF,DH) (OF) SGP: 12.43 | VAR: 1.22","5",6
"Tyler Glasnow (LAD - SP)","SP",36,4.31650910358782,0,0,0,0,0,1.98779424585876,1.62250751160885,0,0.267977315775574,0.438230030344631,NA,NA,NA,NA,NA,NA,NA,NA,152,12,0,130.2,53,3.64,1.17,105,48,3.10191869263122,1.21459041095659,96,"Tyler Glasnow (LAD - SP) (SP) SGP: 4.32 | VAR: 1.21","5",6
"Jeff Hoffman (TOR - RP)","RP",18,4.37715537870296,0,0,0,0,0,0.980819529206625,0,2.94912923923006,0.186588949746274,0.260617660519993,NA,NA,NA,NA,NA,NA,NA,NA,75,0,26,62.6,25,3.63,1.17,50,23,3.25057100206917,1.12658437663379,97,"Jeff Hoffman (TOR - RP) (RP) SGP: 4.38 | VAR: 1.13","5",6
"Kevin Gausman (TOR - SP)","SP",25,4.21123314435809,0,0,0,0,0,2.28857890148213,2.1633433488118,0,-0.250641424377817,0.00995231844197761,NA,NA,NA,NA,NA,NA,NA,NA,175,16,0,179.1,78,3.93,1.21,164,53,3.10191869263122,1.10931445172686,98,"Kevin Gausman (TOR - SP) (SP) SGP: 4.21 | VAR: 1.11","5",6
"Shane McClanahan (TB - SP)","SP",45,4.21006500778993,0,0,0,0,0,1.77855274629468,1.62250751160885,0,0.296655381772546,0.51234936811385,NA,NA,NA,NA,NA,NA,NA,NA,136,12,0,128.4,52,3.63,1.17,111,39,3.10191869263122,1.10814631515871,99,"Shane McClanahan (TB - SP) (SP) SGP: 4.21 | VAR: 1.11","5",6
"Griffin Jax (TB - RP)","RP",12,4.34697547001801,0,0,0,0,0,1.08544027898867,0,1.81484876260312,0.723339622035627,0.723346806390605,NA,NA,NA,NA,NA,NA,NA,NA,83,0,16,66,22,3.02,1.08,53,19,3.25057100206917,1.09640446794885,100,"Griffin Jax (TB - RP) (RP) SGP: 4.35 | VAR: 1.1","5",6
"Ian Happ (CHC - LF)","OF",35,12.2900207340545,4.17569256404916,2.72113943028486,4.16876298807831,0.721442885771543,0.502982865870612,0,0,0,0,0,81,22,77,8,0.338,552,133,80,NA,NA,NA,NA,NA,NA,NA,NA,NA,11.2129036383477,1.07711709570675,101,"Ian Happ (CHC - LF) (OF) SGP: 12.29 | VAR: 1.08","5",6
"Emmet Sheehan (LAD - SP)","SP",38,4.17045500692768,0,0,0,0,0,2.04010462074978,1.48729855230811,0,0.00390498738712076,0.639146846482666,NA,NA,NA,NA,NA,NA,NA,NA,156,11,0,134.5,57,3.81,1.16,111,45,3.10191869263122,1.06853631429646,102,"Emmet Sheehan (LAD - SP) (SP) SGP: 4.17 | VAR: 1.07","5",6
"Daniel Palencia (CHC - RP)","RP",21,4.29267672252624,0,0,0,0,0,0.954664341761115,0,3.40284142988084,0.142624335574803,-0.207453384690522,NA,NA,NA,NA,NA,NA,NA,NA,73,0,30,64.1,26,3.64,1.24,53,27,3.25057100206917,1.04210572045707,103,"Daniel Palencia (CHC - RP) (RP) SGP: 4.29 | VAR: 1.04","5",6
"Byron Buxton (MIN - CF)","OF",18,12.2361280509561,4.07258904394918,3.46326836581709,3.89806409274855,1.53306613226453,-0.730859583823256,0,0,0,0,0,79,28,72,17,0.309,475,119,41,NA,NA,NA,NA,NA,NA,NA,NA,NA,11.2129036383477,1.02322441260836,104,"Byron Buxton (MIN - CF) (OF) SGP: 12.24 | VAR: 1.02","5",6
"Shota Imanaga (CHC - SP)","SP",40,4.09724230739422,0,0,0,0,0,1.85701830863121,1.89292543021032,0,-0.530134262013859,0.877432830566547,NA,NA,NA,NA,NA,NA,NA,NA,142,14,0,154.8,70,4.09,1.15,144,34,3.10191869263122,0.995323614763002,105,"Shota Imanaga (CHC - SP) (SP) SGP: 4.1 | VAR: 1","5",6
"Spencer Strider (ATL - SP)","SP",28,4.00977639100767,0,0,0,0,0,2.44551002615519,1.89292543021032,0,-0.228169478806612,-0.100489586551225,NA,NA,NA,NA,NA,NA,NA,NA,187,14,0,158.3,69,3.95,1.21,137,56,3.10191869263122,0.907857698376452,106,"Spencer Strider (ATL - SP) (SP) SGP: 4.01 | VAR: 0.91","5",6
"Chase Burns (CIN - SP,RP)","SP",51,3.99753887976789,0,0,0,0,0,1.80470793374019,1.35208959300737,0,0.340022021981768,0.500719331038562,NA,NA,NA,NA,NA,NA,NA,NA,138,10,0,115.1,46,3.63,1.16,98,36,3.10191869263122,0.895620187136674,107,"Chase Burns (CIN - SP,RP) (SP) SGP: 4 | VAR: 0.9","5",6
"Luke Keaschall (MIN - 2B)","2B",10,10.5958431073228,3.4539679233493,1.36056971514243,3.14010718582522,2.16432865731463,0.476869625691195,0,0,0,0,0,67,11,58,24,0.337,475,127,51,NA,NA,NA,NA,NA,NA,NA,NA,NA,9.70770606141486,0.888137045907914,108,"Luke Keaschall (MIN - 2B) (2B) SGP: 10.6 | VAR: 0.89","5",6
"Geraldo Perdomo (ARI - SS)","SS",13,12.9120314328003,4.48500312434909,1.60794602698651,3.51908563928689,1.8937875751503,1.40620906702753,0,0,0,0,0,87,13,65,21,0.355,552,146,77,NA,NA,NA,NA,NA,NA,NA,NA,NA,12.0377372392699,0.874294193530382,109,"Geraldo Perdomo (ARI - SS) (SS) SGP: 12.91 | VAR: 0.87","5",6
"Jarren Duran (BOS - LF,CF)","OF",17,12.0491437502333,4.27879608414914,2.10269865067466,3.8439243136826,2.07414829659319,-0.250423594866264,0,0,0,0,0,83,17,71,23,0.322,555,145,50,NA,NA,NA,NA,NA,NA,NA,NA,NA,11.2129036383477,0.836240111885591,110,"Jarren Duran (BOS - LF,CF) (OF) SGP: 12.05 | VAR: 0.84","5",6
"Cody Bellinger (NYY - LF,CF,RF)","OF",20,12.0410713772267,4.02103728389919,2.8448275862069,4.43946188340807,0.991983967935872,-0.256239344223361,0,0,0,0,0,78,23,82,11,0.321,543,141,50,NA,NA,NA,NA,NA,NA,NA,NA,NA,11.2129036383477,0.828167738878939,111,"Cody Bellinger (NYY - LF,CF,RF) (OF) SGP: 12.04 | VAR: 0.83","5",6
"Ryan Walker (SF - RP)","RP",23,4.07011570363518,0,0,0,0,0,0.86312118570183,0,2.83570119156737,0.30228545777855,0.0690078685874333,NA,NA,NA,NA,NA,NA,NA,NA,66,0,25,62.5,24,3.49,1.2,55,20,3.25057100206917,0.819544701566017,112,"Ryan Walker (SF - RP) (RP) SGP: 4.07 | VAR: 0.82","5",6
"Emilio Pagan (CIN - RP)","RP",27,4.05680264315815,0,0,0,0,0,0.94158674803836,0,3.06255728689276,-0.153262874245224,0.205921482472254,NA,NA,NA,NA,NA,NA,NA,NA,72,0,27,65.4,29,3.95,1.18,55,22,3.25057100206917,0.806231641088984,113,"Emilio Pagan (CIN - RP) (RP) SGP: 4.06 | VAR: 0.81","5",6
"Taylor Ward (BAL - LF)","OF",29,12.0043662119778,4.07258904394918,3.33958020989505,4.49360166247402,0.450901803607214,-0.352306507947626,0,0,0,0,0,79,27,83,5,0.322,556,134,65,NA,NA,NA,NA,NA,NA,NA,NA,NA,11.2129036383477,0.791462573630115,114,"Taylor Ward (BAL - LF) (OF) SGP: 12 | VAR: 0.79","5",6
"Ranger Suarez (BOS - SP)","SP",32,3.8263109934194,0,0,0,0,0,1.96163905841325,2.02813438951106,0,0.342484170996606,-0.505946625501515,NA,NA,NA,NA,NA,NA,NA,NA,150,15,0,167,68,3.67,1.25,161,47,3.10191869263122,0.724392300788182,115,"Ranger Suarez (BOS - SP) (SP) SGP: 3.83 | VAR: 0.72","5",6
"Josh Naylor (SEA - 1B,DH)","1B",8,12.6368645460522,3.76327848364924,2.72113943028486,4.65602099967188,1.53306613226453,-0.0366404998182828,0,0,0,0,0,73,22,86,17,0.326,544,144,50,NA,NA,NA,NA,NA,NA,NA,NA,NA,11.9165836981116,0.720280847940638,116,"Josh Naylor (SEA - 1B,DH) (1B) SGP: 12.64 | VAR: 0.72","5",6
"Eury Perez (MIA - SP)","SP",47,3.81618808376286,0,0,0,0,0,1.97471665213601,1.62250751160885,0,-0.205854099077673,0.424818019095677,NA,NA,NA,NA,NA,NA,NA,NA,151,12,0,137.5,60,3.91,1.18,115,47,3.10191869263122,0.714269391131638,117,"Eury Perez (MIA - SP) (SP) SGP: 3.82 | VAR: 0.71","5",6
"Bryson Stott (PHI - 2B,SS)","2B",11,10.4199911426748,3.50551968339929,1.60794602698651,3.30252652302308,2.16432865731463,-0.160329748048682,0,0,0,0,0,68,13,61,24,0.322,514,132,51,NA,NA,NA,NA,NA,NA,NA,NA,NA,9.70770606141486,0.71228508125996,118,"Bryson Stott (PHI - 2B,SS) (2B) SGP: 10.42 | VAR: 0.71","5",6
"Corey Seager (TEX - SS)","SS",11,12.7243193913349,3.76327848364924,3.33958020989505,4.22290276714426,0.180360721442886,1.21819720920348,0,0,0,0,0,73,27,78,2,0.355,472,129,60,NA,NA,NA,NA,NA,NA,NA,NA,NA,12.0377372392699,0.686582152064982,119,"Corey Seager (TEX - SS) (SS) SGP: 12.72 | VAR: 0.69","5",6
"Oneil Cruz (PIT - CF)","OF",34,11.8962327618442,3.60862320349927,2.72113943028486,3.51908563928689,2.5250501002004,-0.47766561142724,0,0,0,0,0,70,22,65,28,0.317,475,112,56,NA,NA,NA,NA,NA,NA,NA,NA,NA,11.2129036383477,0.683329123496447,120,"Oneil Cruz (PIT - CF) (OF) SGP: 11.9 | VAR: 0.68","5",6
"Pete Fairbanks (MIA - RP)","RP",31,3.92612230324432,0,0,0,0,0,0.81081081081081,0,2.94912923923006,0.179312947579509,-0.0131306943760595,NA,NA,NA,NA,NA,NA,NA,NA,62,0,26,60.1,24,3.55,1.21,52,21,3.25057100206917,0.675551301175158,121,"Pete Fairbanks (MIA - RP) (RP) SGP: 3.93 | VAR: 0.68","5",6
"Drake Baldwin (ATL - C)","C",8,9.89572850758849,3.29931264319933,2.35007496251874,3.9522038718145,0.0901803607214429,0.203956669334475,0,0,0,0,0,64,19,73,1,0.331,478,126,49,NA,NA,NA,NA,NA,NA,NA,NA,NA,9.22801056737258,0.667717940215912,122,"Drake Baldwin (ATL - C) (C) SGP: 9.9 | VAR: 0.67","5",6
"Ryan Pepiot (TB - SP)","SP",39,3.6937666236356,0,0,0,0,0,2.23626852659111,2.02813438951106,0,-0.483927823753678,-0.086708468712885,NA,NA,NA,NA,NA,NA,NA,NA,171,15,0,167.5,75,4.05,1.22,145,59,3.10191869263122,0.591847931004383,123,"Ryan Pepiot (TB - SP) (SP) SGP: 3.69 | VAR: 0.59","5",6
"Willy Adames (SF - SS)","SS",14,12.609124872429,4.22724432409915,3.33958020989505,4.54774144153997,1.08216432865731,-0.587605431762531,0,0,0,0,0,82,27,84,12,0.317,575,134,70,NA,NA,NA,NA,NA,NA,NA,NA,NA,12.0377372392699,0.571387633159022,124,"Willy Adames (SF - SS) (SS) SGP: 12.61 | VAR: 0.57","5",6
"Michael King (SD - SP)","SP",37,3.65404371630654,0,0,0,0,0,2.15780296425458,1.89292543021032,0,-0.0261623777216174,-0.370522300436747,NA,NA,NA,NA,NA,NA,NA,NA,165,14,0,157.5,67,3.81,1.24,139,56,3.10191869263122,0.552125023675315,125,"Michael King (SD - SP) (SP) SGP: 3.65 | VAR: 0.55","5",6
"Tanner Bibee (CLE - SP)","SP",30,3.65031390195687,0,0,0,0,0,2.17088055797733,2.02813438951106,0,-0.348780017675685,-0.199921027855833,NA,NA,NA,NA,NA,NA,NA,NA,166,15,0,177.2,78,3.94,1.22,164,53,3.10191869263122,0.548395209325653,126,"Tanner Bibee (CLE - SP) (SP) SGP: 3.65 | VAR: 0.55","5",6
"Nick Lodolo (CIN - SP)","SP",44,3.62342662758779,0,0,0,0,0,2.02702702702703,1.75771647090959,0,-0.410596504995384,0.24927963464656,NA,NA,NA,NA,NA,NA,NA,NA,155,13,0,152.4,68,4.03,1.19,141,41,3.10191869263122,0.521507934956568,127,"Nick Lodolo (CIN - SP) (SP) SGP: 3.62 | VAR: 0.52","5",6
"Matthew Boyd (CHC - SP)","SP",34,3.60771767004143,0,0,0,0,0,1.92240627724499,1.89292543021032,0,-0.239452724707768,0.031838687293891,NA,NA,NA,NA,NA,NA,NA,NA,147,14,0,162.8,71,3.92,1.21,150,47,3.10191869263122,0.505798977410213,128,"Matthew Boyd (CHC - SP) (SP) SGP: 3.61 | VAR: 0.51","5",6
"MacKenzie Gore (TEX - SP)","SP",35,3.58589125053758,0,0,0,0,0,2.36704446381866,1.89292543021032,0,-0.135357070636864,-0.538721572854537,NA,NA,NA,NA,NA,NA,NA,NA,181,14,0,160.1,69,3.88,1.25,140,60,3.10191869263122,0.483972557906358,129,"MacKenzie Gore (TEX - SP) (SP) SGP: 3.59 | VAR: 0.48","4",7
"Nico Hoerner (CHC - 2B)","2B",6,10.1066670814027,3.86638200374922,0.865817091454273,3.08596740675927,2.34468937875751,-0.0561887993175509,0,0,0,0,0,75,7,57,26,0.326,570,159,40,NA,NA,NA,NA,NA,NA,NA,NA,NA,9.70770606141486,0.398961019987862,130,"Nico Hoerner (CHC - 2B) (2B) SGP: 10.11 | VAR: 0.4","4",7
"Joe Musgrove (SD - SP)","SP",57,3.49081164750034,0,0,0,0,0,1.75239755884917,1.75771647090959,0,-0.273710738245429,0.254408355987016,NA,NA,NA,NA,NA,NA,NA,NA,134,13,0,140.9,62,3.93,1.2,132,36,3.10191869263122,0.388892954869123,131,"Joe Musgrove (SD - SP) (SP) SGP: 3.49 | VAR: 0.39","4",7
"Abner Uribe (MIL - RP)","RP",19,3.63904588210936,0,0,0,0,0,1.05928509154316,0,1.92827681026581,0.650844579216409,0.000639401083981088,NA,NA,NA,NA,NA,NA,NA,NA,81,0,17,69.3,24,3.12,1.2,53,31,3.25057100206917,0.388474880040192,132,"Abner Uribe (MIL - RP) (RP) SGP: 3.64 | VAR: 0.39","4",7
"Gerrit Cole (NYY - SP)","SP",59,3.46919616077528,0,0,0,0,0,1.62162162162162,1.48729855230811,0,-0.102357107206167,0.462633094051712,NA,NA,NA,NA,NA,NA,NA,NA,124,11,0,123,53,3.85,1.17,108,36,3.10191869263122,0.367277468144057,133,"Gerrit Cole (NYY - SP) (SP) SGP: 3.47 | VAR: 0.37","4",7
"Adley Rutschman (BAL - C)","C",12,9.55003594068354,3.40241616329931,2.10269865067466,3.57322541835284,0.0901803607214429,0.381515347635286,0,0,0,0,0,66,17,66,1,0.336,492,124,62,NA,NA,NA,NA,NA,NA,NA,NA,NA,9.22801056737258,0.322025373310959,134,"Adley Rutschman (BAL - C) (C) SGP: 9.55 | VAR: 0.32","4",7
"Carlos Estevez (KC - RP)","RP",39,3.55893036572445,0,0,0,0,0,0.745422842197035,0,3.51626947754354,-0.36117632588501,-0.34158562813111,NA,NA,NA,NA,NA,NA,NA,NA,57,0,31,63.7,30,4.23,1.27,58,23,3.25057100206917,0.308359363655287,135,"Carlos Estevez (KC - RP) (RP) SGP: 3.56 | VAR: 0.31","4",7
"Carlos Rodon (NYY - SP)","SP",46,3.37691361079469,0,0,0,0,0,1.98779424585876,1.75771647090959,0,-0.290130575526305,-0.0784665304473504,NA,NA,NA,NA,NA,NA,NA,NA,152,13,0,145.3,64,3.99,1.22,124,53,3.10191869263122,0.274994918163471,136,"Carlos Rodon (NYY - SP) (SP) SGP: 3.38 | VAR: 0.27","4",7
"Hunter Greene (CIN - SP)","SP",82,3.360241053445,0,0,0,0,0,1.39930252833479,1.0816716744059,0,0.138518643975692,0.74074820672862,NA,NA,NA,NA,NA,NA,NA,NA,107,8,0,87.6,36,3.69,1.12,70,28,3.10191869263122,0.258322360813775,137,"Hunter Greene (CIN - SP) (SP) SGP: 3.36 | VAR: 0.26","4",7
"Marcus Semien (NYM - 2B)","2B",14,9.93262356788424,3.86638200374922,2.35007496251874,3.78978453461665,0.811623246492986,-0.885241179493349,0,0,0,0,0,75,19,70,9,0.309,541,130,54,NA,NA,NA,NA,NA,NA,NA,NA,NA,9.70770606141486,0.22491750646938,138,"Marcus Semien (NYM - 2B) (2B) SGP: 9.93 | VAR: 0.22","4",7
"Vinnie Pasquantino (KC - 1B,DH)","1B",9,12.0902852552695,3.81483024369923,3.33958020989505,5.03499945313354,0.0901803607214429,-0.189305012179727,0,0,0,0,0,74,27,93,1,0.325,566,148,52,NA,NA,NA,NA,NA,NA,NA,NA,NA,11.9165836981116,0.173701557157955,139,"Vinnie Pasquantino (KC - 1B,DH) (1B) SGP: 12.09 | VAR: 0.17","4",7
"Trevor Megill (MIL - RP)","RP",26,3.38379666978427,0,0,0,0,0,0.99389712292938,0,1.92827681026581,0.30228545777855,0.159337278810529,NA,NA,NA,NA,NA,NA,NA,NA,76,0,17,62.5,24,3.43,1.17,51,23,3.25057100206917,0.133225667715105,140,"Trevor Megill (MIL - RP) (RP) SGP: 3.38 | VAR: 0.13","4",7
"Jack Flaherty (DET - SP)","SP",43,3.23275413712247,0,0,0,0,0,2.27550130775937,1.89292543021032,0,-0.471435399640321,-0.464237201206907,NA,NA,NA,NA,NA,NA,NA,NA,174,14,0,158.3,71,4.01,1.25,142,55,3.10191869263122,0.130835444491246,141,"Jack Flaherty (DET - SP) (SP) SGP: 3.23 | VAR: 0.13","4",7
"Salvador Perez (KC - C,1B,DH)","C",5,9.35308578928403,3.14465736304936,3.21589205397301,4.71016077873783,0,-1.71762440647618,0,0,0,0,0,61,26,87,0,0.29,541,136,30,NA,NA,NA,NA,NA,NA,NA,NA,NA,9.22801056737258,0.125075221911448,142,"Salvador Perez (KC - C,1B,DH) (C) SGP: 9.35 | VAR: 0.13","4",7
"Jackson Merrill (SD - CF)","OF",19,11.3241197481566,3.9694855238492,2.72113943028486,4.33118232527617,0.721442885771543,-0.419130417025139,0,0,0,0,0,77,22,80,8,0.318,556,150,40,NA,NA,NA,NA,NA,NA,NA,NA,NA,11.2129036383477,0.111216109808899,143,"Jackson Merrill (SD - CF) (OF) SGP: 11.32 | VAR: 0.11","4",7
"Aaron Nola (PHI - SP)","SP",42,3.20176197104878,0,0,0,0,0,2.18395815170009,1.89292543021032,0,-0.771860743007242,-0.103260867854391,NA,NA,NA,NA,NA,NA,NA,NA,167,14,0,169,78,4.14,1.22,161,45,3.10191869263122,0.0998432784175565,144,"Aaron Nola (PHI - SP) (SP) SGP: 3.2 | VAR: 0.1","4",7
"Yandy Diaz (TB - 1B,DH)","1B",10,12.0000992108907,3.9694855238492,2.47376311844078,4.06048342994641,0.180360721442886,1.31600641721142,0,0,0,0,0,77,20,75,2,0.352,556,159,58,NA,NA,NA,NA,NA,NA,NA,NA,NA,11.9165836981116,0.0835155127791065,145,"Yandy Diaz (TB - 1B,DH) (1B) SGP: 12 | VAR: 0.08","4",7
"Tyler Soderstrom (ATH - 1B,LF)","OF",30,11.2691864447338,3.60862320349927,3.09220389805097,4.38532210434212,0.450901803607214,-0.267864564765802,0,0,0,0,0,70,25,81,5,0.321,520,134,49,NA,NA,NA,NA,NA,NA,NA,NA,NA,11.2129036383477,0.056282806386049,146,"Tyler Soderstrom (ATH - 1B,LF) (OF) SGP: 11.27 | VAR: 0.06","4",7
"Brandon Nimmo (TEX - LF,CF)","OF",32,11.2375964632213,4.12414080399917,2.59745127436282,3.89806409274855,0.811623246492986,-0.193682954382241,0,0,0,0,0,80,21,72,9,0.323,550,138,59,NA,NA,NA,NA,NA,NA,NA,NA,NA,11.2129036383477,0.0246928248735507,147,"Brandon Nimmo (TEX - LF,CF) (OF) SGP: 11.24 | VAR: 0.02","4",7
"Jorge Polanco (NYM - 2B,3B,DH)","2B",18,9.70770606141486,3.19620912309935,2.59745127436282,3.78978453461665,0.450901803607214,-0.32664067427117,0,0,0,0,0,62,21,70,5,0.319,456,113,48,NA,NA,NA,NA,NA,NA,NA,NA,NA,9.70770606141486,0,148,"Jorge Polanco (NYM - 2B,3B,DH) (2B) SGP: 9.71 | VAR: 0","4",7
"Kazuma Okamoto (TOR - 1B,3B)","3B",12,9.86000103978641,3.19620912309935,2.8448275862069,3.9522038718145,0.180360721442886,-0.313600262777227,0,0,0,0,0,62,23,73,2,0.319,479,118,52,NA,NA,NA,NA,NA,NA,NA,NA,NA,9.86000103978641,0,149,"Kazuma Okamoto (TOR - 1B,3B) (3B) SGP: 9.86 | VAR: 0","4",7
"Teoscar Hernandez (LAD - LF,RF)","OF",21,11.2129036383477,3.71172672359925,3.33958020989505,4.60188122060593,0.541082164328657,-0.981366680081159,0,0,0,0,0,72,27,85,6,0.306,528,136,37,NA,NA,NA,NA,NA,NA,NA,NA,NA,11.2129036383477,0,150,"Teoscar Hernandez (LAD - LF,RF) (OF) SGP: 11.21 | VAR: 0","4",7
"Agustin Ramirez (MIA - C,DH)","C",11,9.22801056737258,3.24776088314934,2.35007496251874,3.57322541835284,1.17234468937876,-1.1153953860271,0,0,0,0,0,63,19,66,13,0.301,474,116,38,NA,NA,NA,NA,NA,NA,NA,NA,NA,9.22801056737258,0,151,"Agustin Ramirez (MIA - C,DH) (C) SGP: 9.23 | VAR: 0","4",7
"Shane Bieber (TOR - SP)","SP",71,3.10191869263122,0,0,0,0,0,1.39930252833479,1.35208959300737,0,0.022734649916023,0.327791921373038,NA,NA,NA,NA,NA,NA,NA,NA,107,10,0,116,49,3.8,1.18,109,28,3.10191869263122,0,152,"Shane Bieber (TOR - SP) (SP) SGP: 3.1 | VAR: 0","4",7
"Robert Garcia (TEX - RP)","RP",33,3.25057100206917,0,0,0,0,0,0.876198779424585,0,2.2685609532539,0.135351835146517,-0.0295405657558324,NA,NA,NA,NA,NA,NA,NA,NA,67,0,20,61.6,25,3.61,1.22,53,22,3.25057100206917,0,153,"Robert Garcia (TEX - RP) (RP) SGP: 3.25 | VAR: 0","4",7
"Ozzie Albies (ATL - 2B)","2B",12,9.67349733510353,3.60862320349927,2.2263868065967,3.78978453461665,0.991983967935872,-0.943281177544963,0,0,0,0,0,70,18,70,11,0.308,544,137,44,NA,NA,NA,NA,NA,NA,NA,NA,NA,9.70770606141486,-0.034208726311336,154,"Ozzie Albies (ATL - 2B) (2B) SGP: 9.67 | VAR: -0.03","4",7
"Xavier Edwards (MIA - 2B,SS)","2B",13,9.66862186615512,3.60862320349927,0.494752623688156,2.4904298370338,2.43486973947896,0.639946462454939,0,0,0,0,0,70,4,46,27,0.342,529,148,49,NA,NA,NA,NA,NA,NA,NA,NA,NA,9.70770606141486,-0.0390841952597434,155,"Xavier Edwards (MIA - 2B,SS) (2B) SGP: 9.67 | VAR: -0.04","4",7
"Michael Busch (CHC - 1B)","1B",12,11.8649502332141,3.9694855238492,3.33958020989505,4.27704254621021,0.270541082164329,0.00830087109530546,0,0,0,0,0,77,27,79,3,0.327,514,128,60,NA,NA,NA,NA,NA,NA,NA,NA,NA,11.9165836981116,-0.0516334648974848,156,"Michael Busch (CHC - 1B) (1B) SGP: 11.86 | VAR: -0.05","4",7
"Edward Cabrera (CHC - SP)","SP",52,3.04084647731765,0,0,0,0,0,1.93548387096774,1.62250751160885,0,-0.180124244404814,-0.337020660854128,NA,NA,NA,NA,NA,NA,NA,NA,148,12,0,138,60,3.9,1.24,117,54,3.10191869263122,-0.061072215313573,157,"Edward Cabrera (CHC - SP) (SP) SGP: 3.04 | VAR: -0.06","4",7
"Trey Yesavage (TOR - SP) IL15","SP",64,2.96242028310641,0,0,0,0,0,1.87009590235397,1.48729855230811,0,-0.0252393297770841,-0.36973484177858,NA,NA,NA,NA,NA,NA,NA,NA,143,11,0,124.5,53,3.8,1.24,102,53,3.10191869263122,-0.139498409524808,158,"Trey Yesavage (TOR - SP) IL15 (SP) SGP: 2.96 | VAR: -0.14","4",7
"Matt McLain (CIN - 2B)","2B",19,9.56287539613492,3.55707144344928,2.10269865067466,3.19424696489117,1.53306613226453,-0.824207795144732,0,0,0,0,0,69,17,59,17,0.308,497,117,53,NA,NA,NA,NA,NA,NA,NA,NA,NA,9.70770606141486,-0.144830665279947,159,"Matt McLain (CIN - 2B) (2B) SGP: 9.56 | VAR: -0.14","4",7
"Dennis Santana (PIT - RP)","RP",36,3.10101742972081,0,0,0,0,0,0.797733217088055,0,2.72227314390467,-0.102029516679292,-0.316959414592625,NA,NA,NA,NA,NA,NA,NA,NA,61,0,24,66.4,29,3.93,1.26,61,23,3.25057100206917,-0.149553572348352,160,"Dennis Santana (PIT - RP) (RP) SGP: 3.1 | VAR: -0.15","4",7
"Kris Bubic (KC - SP)","SP",53,2.9289426268537,0,0,0,0,0,1.80470793374019,1.62250751160885,0,0.111185501706977,-0.609458320202321,NA,NA,NA,NA,NA,NA,NA,NA,138,12,0,141.3,59,3.77,1.26,131,47,3.10191869263122,-0.172976065777524,161,"Kris Bubic (KC - SP) (SP) SGP: 2.93 | VAR: -0.17","4",7
"Brandon Lowe (PIT - 2B)","2B",17,9.5325679848834,3.40241616329931,2.8448275862069,3.78978453461665,0.360721442885772,-0.865181742125229,0,0,0,0,0,66,23,70,4,0.306,478,117,43,NA,NA,NA,NA,NA,NA,NA,NA,NA,9.70770606141486,-0.175138076531464,162,"Brandon Lowe (PIT - 2B) (2B) SGP: 9.53 | VAR: -0.18","4",7
"Jakob Marsee (MIA - LF,CF)","OF",46,11.0058301724771,3.66017496354926,1.60794602698651,2.92354806956141,2.97595190380762,-0.161790791427717,0,0,0,0,0,71,13,54,33,0.322,497,117,65,NA,NA,NA,NA,NA,NA,NA,NA,NA,11.2129036383477,-0.20707346587065,163,"Jakob Marsee (MIA - LF,CF) (OF) SGP: 11.01 | VAR: -0.21","4",7
"Lawrence Butler (ATH - CF,RF)","OF",37,10.963988030037,3.76327848364924,2.59745127436282,3.68150497648474,1.71342685370741,-0.791673558167189,0,0,0,0,0,73,21,68,19,0.31,511,124,50,NA,NA,NA,NA,NA,NA,NA,NA,NA,11.2129036383477,-0.248915608310703,164,"Lawrence Butler (ATH - CF,RF) (OF) SGP: 10.96 | VAR: -0.25","4",7
"Ceddanne Rafaela (BOS - 2B,CF)","2B",7,9.38816361285055,3.66017496354926,2.10269865067466,3.51908563928689,1.80360721442886,-1.69740285508911,0,0,0,0,0,71,17,65,20,0.289,529,135,26,NA,NA,NA,NA,NA,NA,NA,NA,NA,9.70770606141486,-0.319542448564309,165,"Ceddanne Rafaela (BOS - 2B,CF) (2B) SGP: 9.39 | VAR: -0.32","4",7
"Jo Adell (LAA - CF,RF)","OF",31,10.8925070344665,3.50551968339929,3.83433283358321,4.49360166247402,0.811623246492986,-1.75257039148303,0,0,0,0,0,68,31,83,9,0.289,515,121,39,NA,NA,NA,NA,NA,NA,NA,NA,NA,11.2129036383477,-0.320396603881251,166,"Jo Adell (LAA - CF,RF) (OF) SGP: 10.89 | VAR: -0.32","4",7
"Bryan Abreu (HOU - RP)","RP",25,2.9142856095602,0,0,0,0,0,1.17698343504795,0,0.907424381301558,0.563684752550924,0.266193040659772,NA,NA,NA,NA,NA,NA,NA,NA,90,0,8,67.6,24,3.17,1.17,51,28,3.25057100206917,-0.336285392508961,167,"Bryan Abreu (HOU - RP) (RP) SGP: 2.91 | VAR: -0.34","4",7
"Nolan McLean (NYM - SP)","SP",48,2.76295904032216,0,0,0,0,0,1.89625108979948,1.75771647090959,0,-0.0222815953746541,-0.868726925012249,NA,NA,NA,NA,NA,NA,NA,NA,145,13,0,150.5,64,3.82,1.28,134,58,3.10191869263122,-0.338959652309061,168,"Nolan McLean (NYM - SP) (SP) SGP: 2.76 | VAR: -0.34","4",7
"Mike Trout (LAA - CF,RF,DH)","OF",54,10.8682058823371,3.4539679233493,2.96851574212894,3.57322541835284,0.270541082164329,0.60195571634174,0,0,0,0,0,67,24,66,3,0.342,433,102,70,NA,NA,NA,NA,NA,NA,NA,NA,NA,11.2129036383477,-0.344697756010584,169,"Mike Trout (LAA - CF,RF,DH) (OF) SGP: 10.87 | VAR: -0.34","4",7
"Zac Gallen (ARI - SP)","SP",41,2.71051985137009,0,0,0,0,0,2.19703574542284,2.1633433488118,0,-0.712456259967185,-0.937402982897367,NA,NA,NA,NA,NA,NA,NA,NA,168,16,0,179.6,82,4.12,1.27,170,58,3.10191869263122,-0.391398841261133,170,"Zac Gallen (ARI - SP) (SP) SGP: 2.71 | VAR: -0.39","4",7
"Steven Kwan (CLE - LF)","OF",33,10.7935784984267,4.17569256404916,1.23688155922039,3.03182762769332,1.62324649298597,0.725930254477881,0,0,0,0,0,81,10,56,18,0.341,581,160,58,NA,NA,NA,NA,NA,NA,NA,NA,NA,11.2129036383477,-0.419325139921012,171,"Steven Kwan (CLE - LF) (OF) SGP: 10.79 | VAR: -0.42","3",8
"Bryce Miller (SEA - SP)","SP",61,2.65273088635908,0,0,0,0,0,1.64777680906713,1.62250751160885,0,-0.596856719181363,-0.0206967151355316,NA,NA,NA,NA,NA,NA,NA,NA,126,12,0,141.7,65,4.14,1.21,130,42,3.10191869263122,-0.449187806272136,172,"Bryce Miller (SEA - SP) (SP) SGP: 2.65 | VAR: -0.45","3",8
"CJ Abrams (WSH - SS)","SS",9,11.5705943214995,4.22724432409915,2.35007496251874,3.57322541835284,2.79559118236473,-1.37554156583597,0,0,0,0,0,82,19,66,31,0.3,563,142,38,NA,NA,NA,NA,NA,NA,NA,NA,NA,12.0377372392699,-0.467142917770454,173,"CJ Abrams (WSH - SS) (SS) SGP: 11.57 | VAR: -0.47","3",8
"Sean Manaea (NYM - SP,RP)","SP",68,2.63152640223948,0,0,0,0,0,1.72624237140366,1.21688063370664,0,-0.386963327487066,0.0753667246162445,NA,NA,NA,NA,NA,NA,NA,NA,132,9,0,126.9,57,4.07,1.21,113,40,3.10191869263122,-0.470392290391745,174,"Sean Manaea (NYM - SP,RP) (SP) SGP: 2.63 | VAR: -0.47","3",8
"Kyle Stowers (MIA - LF,CF,RF)","OF",41,10.7151799610394,3.50551968339929,3.09220389805097,4.22290276714426,0.360721442885772,-0.466167830440859,0,0,0,0,0,68,25,78,4,0.316,502,123,53,NA,NA,NA,NA,NA,NA,NA,NA,NA,11.2129036383477,-0.497723677308286,175,"Kyle Stowers (MIA - LF,CF,RF) (OF) SGP: 10.72 | VAR: -0.5","3",8
"Max Muncy (LAD - 3B)","3B",29,9.35906103972122,2.93845032284941,2.47376311844078,3.30252652302308,0.270541082164329,0.373779993243631,0,0,0,0,0,57,20,61,3,0.339,366,82,63,NA,NA,NA,NA,NA,NA,NA,NA,NA,9.86000103978641,-0.500940000065189,176,"Max Muncy (LAD - 3B) (3B) SGP: 9.36 | VAR: -0.5","3",8
"Spencer Torkelson (DET - 1B)","1B",14,11.4101244027491,3.91793376379921,3.33958020989505,4.43946188340807,0.180360721442886,-0.467212175796134,0,0,0,0,0,76,27,82,2,0.317,544,128,66,NA,NA,NA,NA,NA,NA,NA,NA,NA,11.9165836981116,-0.506459295362502,177,"Spencer Torkelson (DET - 1B) (1B) SGP: 11.41 | VAR: -0.51","3",8
"Miguel Vargas (CWS - 1B,3B)","3B",19,9.34567447995506,3.60862320349927,2.10269865067466,3.46494586022093,0.6312625250501,-0.461855759489911,0,0,0,0,0,70,17,64,7,0.317,504,119,60,NA,NA,NA,NA,NA,NA,NA,NA,NA,9.86000103978641,-0.514326559831357,178,"Miguel Vargas (CWS - 1B,3B) (3B) SGP: 9.35 | VAR: -0.51","3",8
"Jacob Misiorowski (MIL - SP)","SP",60,2.58566095965537,0,0,0,0,0,2.05318221447254,1.62250751160885,0,-0.247017269736013,-0.843011496690003,NA,NA,NA,NA,NA,NA,NA,NA,157,12,0,136.7,60,3.96,1.28,111,64,3.10191869263122,-0.516257732975852,179,"Jacob Misiorowski (MIL - SP) (SP) SGP: 2.59 | VAR: -0.52","3",8
"Merrill Kelly (ARI - SP)","SP",54,2.58450735014633,0,0,0,0,0,1.87009590235397,1.89292543021032,0,-0.515782380019775,-0.662731602398189,NA,NA,NA,NA,NA,NA,NA,NA,143,14,0,159.8,72,4.05,1.26,153,48,3.10191869263122,-0.517411342484895,180,"Merrill Kelly (ARI - SP) (SP) SGP: 2.58 | VAR: -0.52","3",8
"Luis Robert Jr. (NYM - CF)","OF",40,10.68828643412,3.40241616329931,2.47376311844078,3.51908563928689,2.70541082164329,-1.41238930855031,0,0,0,0,0,66,20,65,30,0.293,480,113,40,NA,NA,NA,NA,NA,NA,NA,NA,NA,11.2129036383477,-0.524617204227772,181,"Luis Robert Jr. (NYM - CF) (OF) SGP: 10.69 | VAR: -0.52","3",8
"Grayson Rodriguez (LAA - SP) IL10","SP",80,2.56835601349862,0,0,0,0,0,1.67393199651264,1.48729855230811,0,-0.261677534456412,-0.331197000865723,NA,NA,NA,NA,NA,NA,NA,NA,128,11,0,119.9,53,3.95,1.24,109,40,3.10191869263122,-0.533562679132603,182,"Grayson Rodriguez (LAA - SP) IL10 (SP) SGP: 2.57 | VAR: -0.53","3",8
"Isaac Paredes (HOU - 3B)","3B",24,9.27685612910626,3.09310560299938,2.47376311844078,3.46494586022093,0.0901803607214429,0.154861186723725,0,0,0,0,0,60,20,64,1,0.332,427,104,56,NA,NA,NA,NA,NA,NA,NA,NA,NA,9.86000103978641,-0.583144910680158,183,"Isaac Paredes (HOU - 3B) (3B) SGP: 9.28 | VAR: -0.58","3",8
"Bailey Ober (MIN - SP)","SP",62,2.51341384443044,0,0,0,0,0,1.85701830863121,1.75771647090959,0,-1.1413542390945,0.0400333039841384,NA,NA,NA,NA,NA,NA,NA,NA,142,13,0,157.1,76,4.36,1.21,152,38,3.10191869263122,-0.588504848200785,184,"Bailey Ober (MIN - SP) (SP) SGP: 2.51 | VAR: -0.59","3",8
"Jackson Holliday (BAL - 2B,SS)","2B",23,9.11722637379079,3.50551968339929,1.73163418290855,2.81526851142951,1.17234468937876,-0.10754069332531,0,0,0,0,0,68,14,52,13,0.327,454,113,51,NA,NA,NA,NA,NA,NA,NA,NA,NA,9.70770606141486,-0.59047968762407,185,"Jackson Holliday (BAL - 2B,SS) (2B) SGP: 9.12 | VAR: -0.59","3",8
"Gavin Williams (CLE - SP)","SP",50,2.50130727595539,0,0,0,0,0,2.2101133391456,2.02813438951106,0,-0.312658870867348,-1.42428158183392,NA,NA,NA,NA,NA,NA,NA,NA,169,15,0,166.1,73,3.98,1.31,146,71,3.10191869263122,-0.600611416675834,186,"Gavin Williams (CLE - SP) (SP) SGP: 2.5 | VAR: -0.6","3",8
"Andy Pages (LAD - LF,CF,RF)","OF",28,10.5891620385049,3.71172672359925,2.8448275862069,4.16876298807831,0.901803607214429,-1.03795886659394,0,0,0,0,0,72,23,77,10,0.304,525,135,36,NA,NA,NA,NA,NA,NA,NA,NA,NA,11.2129036383477,-0.623741599842784,187,"Andy Pages (LAD - LF,CF,RF) (OF) SGP: 10.59 | VAR: -0.62","3",8
"Grant Taylor (CWS - RP)","RP",16,2.58869693985035,0,0,0,0,0,1.3077593722755,0,0.567140238313474,0.584234597252511,0.129562732008868,NA,NA,NA,NA,NA,NA,NA,NA,100,0,5,84.5,31,3.27,1.19,69,32,3.25057100206917,-0.661874062218812,188,"Grant Taylor (CWS - RP) (RP) SGP: 2.59 | VAR: -0.66","3",8
"Braxton Garrett (MIA - SP) MiLB","SP",85,2.42123689277688,0,0,0,0,0,1.43853530950305,1.35208959300737,0,-0.244165195458701,-0.125222814274843,NA,NA,NA,NA,NA,NA,NA,NA,110,10,0,122.6,54,3.95,1.22,121,29,3.10191869263122,-0.680681799854341,189,"Braxton Garrett (MIA - SP) MiLB (SP) SGP: 2.42 | VAR: -0.68","3",8
"Cody Ponce (TOR - SP,RP)","SP",63,2.41255567569786,0,0,0,0,0,1.9485614646905,1.48729855230811,0,-0.548529900022846,-0.474774441277898,NA,NA,NA,NA,NA,NA,NA,NA,149,11,0,145,66,4.07,1.25,135,46,3.10191869263122,-0.689363016933357,190,"Cody Ponce (TOR - SP,RP) (SP) SGP: 2.41 | VAR: -0.69","3",8
"Bo Bichette (NYM - SS)","SS",8,11.3422656820522,3.9694855238492,2.2263868065967,4.33118232527617,0.541082164328657,0.274128862001524,0,0,0,0,0,77,18,80,6,0.333,573,164,40,NA,NA,NA,NA,NA,NA,NA,NA,NA,12.0377372392699,-0.695471557217688,191,"Bo Bichette (NYM - SS) (SS) SGP: 11.34 | VAR: -0.7","3",8
"Sandy Alcantara (MIA - SP)","SP",55,2.40178179563861,0,0,0,0,0,1.9485614646905,2.02813438951106,0,-0.717617492391789,-0.857296566171155,NA,NA,NA,NA,NA,NA,NA,NA,149,15,0,179.5,82,4.13,1.27,174,53,3.10191869263122,-0.700136896992607,192,"Sandy Alcantara (MIA - SP) (SP) SGP: 2.4 | VAR: -0.7","3",8
"Robbie Ray (SF - SP)","SP",49,2.38045008215195,0,0,0,0,0,2.31473408892764,2.02813438951106,0,-0.907173410386073,-1.05524498590067,NA,NA,NA,NA,NA,NA,NA,NA,177,15,0,171.1,80,4.19,1.28,153,66,3.10191869263122,-0.72146861047927,193,"Robbie Ray (SF - SP) (SP) SGP: 2.38 | VAR: -0.72","3",8
"Otto Lopez (MIA - 2B,SS)","2B",15,8.98502550962608,3.29931264319933,1.48425787106447,3.30252652302308,1.44288577154309,-0.543957299203883,0,0,0,0,0,64,12,61,16,0.315,525,139,39,NA,NA,NA,NA,NA,NA,NA,NA,NA,9.70770606141486,-0.722680551788782,194,"Otto Lopez (MIA - 2B,SS) (2B) SGP: 8.99 | VAR: -0.72","3",8
"Andrew Abbott (CIN - SP)","SP",58,2.33397388543981,0,0,0,0,0,1.98779424585876,1.89292543021032,0,-0.869787872651184,-0.676957917978095,NA,NA,NA,NA,NA,NA,NA,NA,152,14,0,167.1,78,4.2,1.26,158,52,3.10191869263122,-0.767944807191414,195,"Andrew Abbott (CIN - SP) (SP) SGP: 2.33 | VAR: -0.77","3",8
"Jose Soriano (LAA - SP)","SP",56,2.32820590292021,0,0,0,0,0,2.02702702702703,2.1633433488118,0,0.0207135879191333,-1.88287806083775,NA,NA,NA,NA,NA,NA,NA,NA,155,16,0,170.2,72,3.82,1.34,155,72,3.10191869263122,-0.773712789711012,196,"Jose Soriano (LAA - SP) (SP) SGP: 2.33 | VAR: -0.77","3",8
"Reynaldo Lopez (ATL - SP)","SP",73,2.3144932856027,0,0,0,0,0,1.73931996512642,1.48729855230811,0,-0.256348356788466,-0.655776875043358,NA,NA,NA,NA,NA,NA,NA,NA,133,11,0,131.8,58,3.96,1.27,121,46,3.10191869263122,-0.787425407028518,197,"Reynaldo Lopez (ATL - SP) (SP) SGP: 2.31 | VAR: -0.79","3",8
"Garrett Cleavinger (TB - RP)","RP",35,2.46245483564857,0,0,0,0,0,1.02005231037489,0,0.793996333638863,0.33303234579105,0.315373845843769,NA,NA,NA,NA,NA,NA,NA,NA,78,0,7,63.1,24,3.41,1.15,49,24,3.25057100206917,-0.788116166420592,198,"Garrett Cleavinger (TB - RP) (RP) SGP: 2.46 | VAR: -0.79","3",8
"Alejandro Kirk (TOR - C)","C",13,8.41920976008912,2.68069152259946,1.73163418290855,3.35666630208903,0.0901803607214429,0.560037391770639,0,0,0,0,0,52,14,62,1,0.343,427,115,47,NA,NA,NA,NA,NA,NA,NA,NA,NA,9.22801056737258,-0.808800807283466,199,"Alejandro Kirk (TOR - C) (C) SGP: 8.42 | VAR: -0.81","3",8
"Cade Horton (CHC - SP)","SP",87,2.22611319016861,0,0,0,0,0,1.47776809067132,1.48729855230811,0,-0.374612859119439,-0.364340593691379,NA,NA,NA,NA,NA,NA,NA,NA,113,11,0,129.5,58,4.04,1.25,118,43,3.10191869263122,-0.875805502462611,200,"Cade Horton (CHC - SP) (SP) SGP: 2.23 | VAR: -0.88","3",8
"Alec Bohm (PHI - 1B,3B)","3B",11,8.98108760141457,3.29931264319933,1.73163418290855,3.89806409274855,0.270541082164329,-0.218464399606184,0,0,0,0,0,64,14,72,3,0.322,521,143,37,NA,NA,NA,NA,NA,NA,NA,NA,NA,9.86000103978641,-0.878913438371839,201,"Alec Bohm (PHI - 1B,3B) (3B) SGP: 8.98 | VAR: -0.88","3",8
"Carlos Correa (HOU - 3B,SS)","3B",14,8.98046294937733,3.29931264319933,1.97901049475262,3.51908563928689,0,0.183054172138488,0,0,0,0,0,64,16,65,0,0.331,492,131,48,NA,NA,NA,NA,NA,NA,NA,NA,NA,9.86000103978641,-0.879538090409083,202,"Carlos Correa (HOU - 3B,SS) (3B) SGP: 8.98 | VAR: -0.88","3",8
"Trent Grisham (NYY - CF)","OF",59,10.3052517632532,3.66017496354926,2.96851574212894,3.41080608115498,0.450901803607214,-0.185146827187168,0,0,0,0,0,71,24,63,5,0.323,447,99,67,NA,NA,NA,NA,NA,NA,NA,NA,NA,11.2129036383477,-0.907651875094505,203,"Trent Grisham (NYY - CF) (OF) SGP: 10.31 | VAR: -0.91","3",8
"Michael Harris II (ATL - CF)","OF",24,10.2970645731459,3.50551968339929,2.47376311844078,3.89806409274855,1.62324649298597,-1.20352881442866,0,0,0,0,0,68,20,72,18,0.302,533,143,25,NA,NA,NA,NA,NA,NA,NA,NA,NA,11.2129036383477,-0.915839065201794,204,"Michael Harris II (ATL - CF) (OF) SGP: 10.3 | VAR: -0.92","3",8
"Luis Garcia (WSH - 2B)","2B",16,8.75056432802158,2.9900020828994,1.85532233883058,3.35666630208903,1.2625250501002,-0.713951445897624,0,0,0,0,0,58,15,62,14,0.31,466,125,28,NA,NA,NA,NA,NA,NA,NA,NA,NA,9.70770606141486,-0.957141733393279,205,"Luis Garcia (WSH - 2B) (2B) SGP: 8.75 | VAR: -0.96","3",8
"Brendan Donovan (SEA - 2B,SS,LF)","2B",20,8.7178206483678,3.4539679233493,1.48425787106447,3.08596740675927,0.450901803607214,0.24272564358755,0,0,0,0,0,67,12,57,5,0.333,502,135,48,NA,NA,NA,NA,NA,NA,NA,NA,NA,9.70770606141486,-0.989885413047061,206,"Brendan Donovan (SEA - 2B,SS,LF) (2B) SGP: 8.72 | VAR: -0.99","3",8
"Ian Seymour (TB - SP,RP)","SP",100,2.10255442359101,0,0,0,0,0,1.43853530950305,1.0816716744059,0,-0.358310656368075,-0.059341903949869,NA,NA,NA,NA,NA,NA,NA,NA,110,8,0,113.3,51,4.04,1.22,103,35,3.10191869263122,-0.999364269040215,207,"Ian Seymour (TB - SP,RP) (SP) SGP: 2.1 | VAR: -1","3",8
"Bryan Reynolds (PIT - LF,CF,RF,DH)","OF",42,10.1899201483692,3.76327848364924,2.35007496251874,4.00634365088045,0.450901803607214,-0.380678752286476,0,0,0,0,0,73,19,74,5,0.32,564,143,55,NA,NA,NA,NA,NA,NA,NA,NA,NA,11.2129036383477,-1.02298348997856,208,"Bryan Reynolds (PIT - LF,CF,RF,DH) (OF) SGP: 10.19 | VAR: -1.02","3",8
"Heliot Ramos (SF - LF,CF,RF)","OF",39,10.1577475260009,3.81483024369923,2.59745127436282,3.9522038718145,0.541082164328657,-0.747820028204313,0,0,0,0,0,74,21,73,6,0.312,550,140,46,NA,NA,NA,NA,NA,NA,NA,NA,NA,11.2129036383477,-1.05515611234683,209,"Heliot Ramos (SF - LF,CF,RF) (OF) SGP: 10.16 | VAR: -1.06","3",8
"Garrett Whitlock (BOS - RP)","RP",37,2.18480476137392,0,0,0,0,0,0.980819529206625,0,0.340284142988084,0.463343899043423,0.400357190135786,NA,NA,NA,NA,NA,NA,NA,NA,75,0,3,68,25,3.33,1.15,59,19,3.25057100206917,-1.06576624069525,210,"Garrett Whitlock (BOS - RP) (RP) SGP: 2.18 | VAR: -1.07","3",8
"Royce Lewis (MIN - 3B)","3B",16,8.78605577968271,2.93845032284941,2.35007496251874,3.51908563928689,0.991983967935872,-1.0135391129082,0,0,0,0,0,57,19,65,11,0.302,459,113,37,NA,NA,NA,NA,NA,NA,NA,NA,NA,9.86000103978641,-1.07394526010371,211,"Royce Lewis (MIN - 3B) (3B) SGP: 8.79 | VAR: -1.07","3",8
"Jeremiah Estrada (SD - RP)","RP",34,2.16418737417932,0,0,0,0,0,1.20313862249346,0,0.113428047662695,0.45821761006538,0.389403093957788,NA,NA,NA,NA,NA,NA,NA,NA,92,0,1,67.9,25,3.36,1.15,51,27,3.25057100206917,-1.08638362788984,212,"Jeremiah Estrada (SD - RP) (RP) SGP: 2.16 | VAR: -1.09","3",8
"Trevor Rogers (BAL - SP)","SP",76,2.01427212975538,0,0,0,0,0,1.63469921534438,1.75771647090959,0,-0.463080022752981,-0.915063533745601,NA,NA,NA,NA,NA,NA,NA,NA,125,13,0,144.3,65,4.07,1.28,138,47,3.10191869263122,-1.08764656287584,213,"Trevor Rogers (BAL - SP) (SP) SGP: 2.01 | VAR: -1.09","3",8
"Shane Baz (BAL - SP)","SP",67,2.00889072344355,0,0,0,0,0,1.9485614646905,1.75771647090959,0,-0.801017164462149,-0.896370047694382,NA,NA,NA,NA,NA,NA,NA,NA,149,13,0,151.9,71,4.2,1.27,140,54,3.10191869263122,-1.09302796918767,214,"Shane Baz (BAL - SP) (SP) SGP: 2.01 | VAR: -1.09","3",8
"Luis Arraez (SF - 1B,2B,DH)","2B",9,8.60409054715543,3.60862320349927,0.618440779610195,3.03182762769332,0.721442885771543,0.623756050581109,0,0,0,0,0,70,5,56,8,0.34,568,172,32,NA,NA,NA,NA,NA,NA,NA,NA,NA,9.70770606141486,-1.10361551425943,215,"Luis Arraez (SF - 1B,2B,DH) (2B) SGP: 8.6 | VAR: -1.1","3",8
"Alec Burleson (STL - 1B,LF,RF,DH)","OF",36,10.1038192545573,3.35086440324932,2.47376311844078,3.9522038718145,0.541082164328657,-0.214094303275952,0,0,0,0,0,65,20,73,6,0.323,527,143,40,NA,NA,NA,NA,NA,NA,NA,NA,NA,11.2129036383477,-1.10908438379042,216,"Alec Burleson (STL - 1B,LF,RF,DH) (OF) SGP: 10.1 | VAR: -1.11","3",8
"Yainer Diaz (HOU - C,DH)","C",10,8.10522689579145,2.9900020828994,2.35007496251874,3.68150497648474,0.0901803607214429,-1.00653548683287,0,0,0,0,0,58,19,68,1,0.303,489,133,22,NA,NA,NA,NA,NA,NA,NA,NA,NA,9.22801056737258,-1.12278367158113,217,"Yainer Diaz (HOU - C,DH) (C) SGP: 8.11 | VAR: -1.12","3",8
"Cam Schlittler (NYY - SP)","SP",84,1.96202058535025,0,0,0,0,0,1.66085440278989,1.48729855230811,0,-0.376683450636263,-0.80944891911148,NA,NA,NA,NA,NA,NA,NA,NA,127,11,0,127.1,57,4.01,1.28,114,49,3.10191869263122,-1.13989810728097,218,"Cam Schlittler (NYY - SP) (SP) SGP: 1.96 | VAR: -1.14","3",8
"Ryne Nelson (ARI - SP,RP)","SP",72,1.95862728117267,0,0,0,0,0,1.6870095902354,1.75771647090959,0,-0.812541538552905,-0.673557241419408,NA,NA,NA,NA,NA,NA,NA,NA,129,13,0,156.4,73,4.19,1.26,154,43,3.10191869263122,-1.14329141145855,219,"Ryne Nelson (ARI - SP,RP) (SP) SGP: 1.96 | VAR: -1.14","3",8
"Zebby Matthews (MIN - SP) MiLB","SP",97,1.94538460602653,0,0,0,0,0,1.49084568439407,1.21688063370664,0,-0.431196062778884,-0.331145649295292,NA,NA,NA,NA,NA,NA,NA,NA,114,9,0,116.6,53,4.1,1.24,115,30,3.10191869263122,-1.15653408660469,220,"Zebby Matthews (MIN - SP) MiLB (SP) SGP: 1.95 | VAR: -1.16","3",8
"Mike Burrows (HOU - SP,RP)","SP",88,1.93664224765721,0,0,0,0,0,1.71316477768091,1.35208959300737,0,-0.519583938867132,-0.609028184163938,NA,NA,NA,NA,NA,NA,NA,NA,131,10,0,131.4,60,4.14,1.26,121,45,3.10191869263122,-1.16527644497401,221,"Mike Burrows (HOU - SP,RP) (SP) SGP: 1.94 | VAR: -1.17","3",8
"Casey Mize (DET - SP)","SP",74,1.93315361653114,0,0,0,0,0,1.63469921534438,1.62250751160885,0,-0.615419671977077,-0.708633438445008,NA,NA,NA,NA,NA,NA,NA,NA,125,12,0,143.7,66,4.13,1.26,142,40,3.10191869263122,-1.16876507610008,222,"Casey Mize (DET - SP) (SP) SGP: 1.93 | VAR: -1.17","3",8
"Wilyer Abreu (BOS - LF,CF,RF)","OF",51,10.0385457220508,3.19620912309935,2.47376311844078,3.68150497648474,0.721442885771543,-0.0343743817456341,0,0,0,0,0,62,20,68,8,0.326,436,108,51,NA,NA,NA,NA,NA,NA,NA,NA,NA,11.2129036383477,-1.17435791629694,223,"Wilyer Abreu (BOS - LF,CF,RF) (OF) SGP: 10.04 | VAR: -1.17","3",8
"Colt Keith (DET - 1B,2B,3B,DH)","2B",25,8.51107126265651,3.24776088314934,1.85532233883058,3.19424696489117,0.270541082164329,-0.0568000063789151,0,0,0,0,0,63,15,59,3,0.327,453,118,44,NA,NA,NA,NA,NA,NA,NA,NA,NA,9.70770606141486,-1.19663479875835,224,"Colt Keith (DET - 1B,2B,3B,DH) (2B) SGP: 8.51 | VAR: -1.2","3",8
"Jeremy Pena (HOU - SS)","SS",12,10.8386562761772,3.91793376379921,2.10269865067466,3.68150497648474,1.53306613226453,-0.396547247045978,0,0,0,0,0,76,17,68,17,0.317,550,151,36,NA,NA,NA,NA,NA,NA,NA,NA,NA,12.0377372392699,-1.19908096309277,225,"Jeremy Pena (HOU - SS) (SS) SGP: 10.84 | VAR: -1.2","3",8
"Shane Smith (CWS - SP)","SP",77,1.89944791842047,0,0,0,0,0,1.96163905841325,1.75771647090959,0,-0.856930281516677,-0.962977329385686,NA,NA,NA,NA,NA,NA,NA,NA,150,13,0,157.9,74,4.22,1.28,143,59,3.10191869263122,-1.20247077421075,226,"Shane Smith (CWS - SP) (SP) SGP: 1.9 | VAR: -1.2","3",8
"Gabriel Moreno (ARI - C)","C",14,7.99840898418435,2.68069152259946,1.36056971514243,2.92354806956141,0.360721442885772,0.672878233995279,0,0,0,0,0,52,11,54,4,0.346,386,107,41,NA,NA,NA,NA,NA,NA,NA,NA,NA,9.22801056737258,-1.22960158318823,227,"Gabriel Moreno (ARI - C) (C) SGP: 8 | VAR: -1.23","3",8
"Caleb Durbin (BOS - 2B,3B)","2B",21,8.43406459274074,3.14465736304936,1.23688155922039,2.92354806956141,1.8937875751503,-0.764809974240723,0,0,0,0,0,61,10,54,21,0.308,467,120,35,NA,NA,NA,NA,NA,NA,NA,NA,NA,9.70770606141486,-1.27364146867412,228,"Caleb Durbin (BOS - 2B,3B) (2B) SGP: 8.43 | VAR: -1.27","2",9
"Joey Cantillo (CLE - SP,RP)","SP",86,1.8094520685377,0,0,0,0,0,1.8308631211857,1.21688063370664,0,-0.104146969127499,-1.13414471722714,NA,NA,NA,NA,NA,NA,NA,NA,140,9,0,132.4,57,3.89,1.31,116,57,3.10191869263122,-1.29246662409352,229,"Joey Cantillo (CLE - SP,RP) (SP) SGP: 1.81 | VAR: -1.29","2",9
"Trevor Story (BOS - SS)","SS",15,10.7318664488673,3.76327848364924,2.47376311844078,4.00634365088045,1.98396793587174,-1.4954867399749,0,0,0,0,0,73,20,74,22,0.294,543,136,35,NA,NA,NA,NA,NA,NA,NA,NA,NA,12.0377372392699,-1.30587079040262,230,"Trevor Story (BOS - SS) (SS) SGP: 10.73 | VAR: -1.31","2",9
"Addison Barger (TOR - 3B,LF,RF)","3B",20,8.52395616595413,3.14465736304936,2.35007496251874,3.57322541835284,0.360721442885772,-0.904723020852583,0,0,0,0,0,61,19,66,4,0.306,454,110,41,NA,NA,NA,NA,NA,NA,NA,NA,NA,9.86000103978641,-1.33604487383228,231,"Addison Barger (TOR - 3B,LF,RF) (3B) SGP: 8.52 | VAR: -1.34","2",9
"JJ Wetherholt (STL - 2B,3B,SS) NRI","2B",29,8.3303487335052,3.09310560299938,1.36056971514243,2.76112873236356,1.17234468937876,-0.0568000063789151,0,0,0,0,0,60,11,51,13,0.324,447,112,50,NA,NA,NA,NA,NA,NA,NA,NA,NA,9.70770606141486,-1.37735732790966,232,"JJ Wetherholt (STL - 2B,3B,SS) NRI (2B) SGP: 8.33 | VAR: -1.38","2",9
"David Peterson (NYM - SP)","SP",66,1.71937280260206,0,0,0,0,0,1.89625108979948,2.02813438951106,0,-0.296178938848499,-1.90883373785997,NA,NA,NA,NA,NA,NA,NA,NA,145,15,0,161.7,71,3.94,1.34,155,62,3.10191869263122,-1.38254589002916,233,"David Peterson (NYM - SP) (SP) SGP: 1.72 | VAR: -1.38","2",9
"Brandon Pfaadt (ARI - SP)","SP",69,1.71795934461529,0,0,0,0,0,1.89625108979948,1.89292543021032,0,-1.23170950254286,-0.83950767285165,NA,NA,NA,NA,NA,NA,NA,NA,145,14,0,164.8,80,4.38,1.26,170,39,3.10191869263122,-1.38395934801593,234,"Brandon Pfaadt (ARI - SP) (SP) SGP: 1.72 | VAR: -1.38","2",9
"Dansby Swanson (CHC - SS)","SS",18,10.6443077309681,3.91793376379921,2.59745127436282,3.9522038718145,1.35270541082164,-1.17598658983012,0,0,0,0,0,76,21,73,15,0.305,566,136,52,NA,NA,NA,NA,NA,NA,NA,NA,NA,12.0377372392699,-1.39342950830189,235,"Dansby Swanson (CHC - SS) (SS) SGP: 10.64 | VAR: -1.39","2",9
"Adrian Morejon (SD - RP)","RP",38,1.85507154961274,0,0,0,0,0,0.876198779424585,0,0.340284142988084,0.391580083469766,0.247008543730305,NA,NA,NA,NA,NA,NA,NA,NA,67,0,3,66.6,25,3.33,1.18,57,21,3.25057100206917,-1.39549945245642,236,"Adrian Morejon (SD - RP) (RP) SGP: 1.86 | VAR: -1.4","2",9
"Adolis Garcia (PHI - RF)","OF",43,9.80405119794452,3.4539679233493,2.96851574212894,4.22290276714426,0.991983967935872,-1.83331920261385,0,0,0,0,0,67,24,78,11,0.288,519,122,38,NA,NA,NA,NA,NA,NA,NA,NA,NA,11.2129036383477,-1.4088524404032,237,"Adolis Garcia (PHI - RF) (OF) SGP: 9.8 | VAR: -1.41","2",9
"Willi Castro (COL - 2B,3B,LF,RF)","2B",26,8.28501463695778,3.29931264319933,1.48425787106447,2.7069889532976,1.2625250501002,-0.468069880703828,0,0,0,0,0,64,12,50,14,0.316,453,115,41,NA,NA,NA,NA,NA,NA,NA,NA,NA,9.70770606141486,-1.42269142445708,238,"Willi Castro (COL - 2B,3B,LF,RF) (2B) SGP: 8.29 | VAR: -1.42","2",9
"Noelvi Marte (CIN - 3B,RF)","3B",15,8.43059291281915,3.09310560299938,1.97901049475262,3.19424696489117,1.2625250501002,-1.09829519992422,0,0,0,0,0,60,16,59,14,0.3,459,116,31,NA,NA,NA,NA,NA,NA,NA,NA,NA,9.86000103978641,-1.42940812696726,239,"Noelvi Marte (CIN - 3B,RF) (3B) SGP: 8.43 | VAR: -1.43","2",9
"Jonathan Aranda (TB - 1B)","1B",19,10.4792209570354,3.55707144344928,2.47376311844078,3.8439243136826,0.0901803607214429,0.514281720741327,0,0,0,0,0,69,20,71,1,0.338,490,129,56,NA,NA,NA,NA,NA,NA,NA,NA,NA,11.9165836981116,-1.43736274107616,240,"Jonathan Aranda (TB - 1B) (1B) SGP: 10.48 | VAR: -1.44","2",9
"Braxton Ashcraft (PIT - SP,RP)","SP",93,1.64946852925535,0,0,0,0,0,1.55623365300785,1.35208959300737,0,-0.25120541827888,-1.00764929848099,NA,NA,NA,NA,NA,NA,NA,NA,119,10,0,131.9,58,3.93,1.29,129,42,3.10191869263122,-1.45245016337587,241,"Braxton Ashcraft (PIT - SP,RP) (SP) SGP: 1.65 | VAR: -1.45","2",9
"Willson Contreras (BOS - 1B)","1B",18,10.4118411739128,3.55707144344928,2.59745127436282,4.06048342994641,0.450901803607214,-0.254066777452927,0,0,0,0,0,69,21,75,5,0.323,489,122,52,NA,NA,NA,NA,NA,NA,NA,NA,NA,11.9165836981116,-1.50474252419879,242,"Willson Contreras (BOS - 1B) (1B) SGP: 10.41 | VAR: -1.5","2",9
"Kodai Senga (NYM - SP)","SP",91,1.59411887312414,0,0,0,0,0,1.60854402789887,1.35208959300737,0,-0.244165195458701,-1.1223495523234,NA,NA,NA,NA,NA,NA,NA,NA,123,10,0,122.6,54,3.96,1.31,107,54,3.10191869263122,-1.50779981950708,243,"Kodai Senga (NYM - SP) (SP) SGP: 1.59 | VAR: -1.51","2",9
"Mitch Keller (PIT - SP)","SP",65,1.54936805121891,0,0,0,0,0,2.01394943330427,2.02813438951106,0,-1.14706876160483,-1.3456470099916,NA,NA,NA,NA,NA,NA,NA,NA,154,15,0,175.9,84,4.28,1.29,175,53,3.10191869263122,-1.55255064141231,244,"Mitch Keller (PIT - SP) (SP) SGP: 1.55 | VAR: -1.55","2",9
"Chad Patrick (MIL - SP)","SP",96,1.50835586397864,0,0,0,0,0,1.73931996512642,1.62250751160885,0,-1.00744259691345,-0.846029015843178,NA,NA,NA,NA,NA,NA,NA,NA,133,12,0,140.8,68,4.34,1.28,133,47,3.10191869263122,-1.59356282865258,245,"Chad Patrick (MIL - SP) (SP) SGP: 1.51 | VAR: -1.59","2",9
"Jameson Taillon (CHC - SP)","SP",89,1.5076396054706,0,0,0,0,0,1.51700087183958,1.62250751160885,0,-1.28909425904032,-0.342774518937511,NA,NA,NA,NA,NA,NA,NA,NA,116,12,0,149.5,74,4.44,1.24,149,36,3.10191869263122,-1.59427908716062,246,"Jameson Taillon (CHC - SP) (SP) SGP: 1.51 | VAR: -1.59","2",9
"Ryan Jeffers (MIN - C,DH)","C",17,7.61666138941843,2.88689856279942,1.85532233883058,3.08596740675927,0.180360721442886,-0.391887640413729,0,0,0,0,0,56,15,57,2,0.317,436,107,46,NA,NA,NA,NA,NA,NA,NA,NA,NA,9.22801056737258,-1.61134917795415,247,"Ryan Jeffers (MIN - C,DH) (C) SGP: 7.62 | VAR: -1.61","2",9
"Daulton Varsho (TOR - LF,CF)","OF",48,9.58462735360742,3.60862320349927,3.09220389805097,4.00634365088045,0.721442885771543,-1.84398628459482,0,0,0,0,0,70,25,74,8,0.286,491,110,42,NA,NA,NA,NA,NA,NA,NA,NA,NA,11.2129036383477,-1.62827628474031,248,"Daulton Varsho (TOR - LF,CF) (OF) SGP: 9.58 | VAR: -1.63","2",9
"Francisco Alvarez (NYM - C)","C",18,7.58372504212746,2.57758800249948,2.47376311844078,3.08596740675927,0.0901803607214429,-0.643773846293513,0,0,0,0,0,50,20,57,1,0.306,373,88,39,NA,NA,NA,NA,NA,NA,NA,NA,NA,9.22801056737258,-1.64428552524513,249,"Francisco Alvarez (NYM - C) (C) SGP: 7.58 | VAR: -1.64","2",9
"Tyler Mahle (SF - SP)","SP",99,1.44448019376712,0,0,0,0,0,1.41238012205754,1.48729855230811,0,-0.565845447502545,-0.88935303309599,NA,NA,NA,NA,NA,NA,NA,NA,108,11,0,130.5,60,4.12,1.28,127,41,3.10191869263122,-1.6574384988641,250,"Tyler Mahle (SF - SP) (SP) SGP: 1.44 | VAR: -1.66","2",9
"Brady Singer (CIN - SP)","SP",70,1.44132122065896,0,0,0,0,0,2.05318221447254,1.89292543021032,0,-1.16292073886247,-1.34186568516143,NA,NA,NA,NA,NA,NA,NA,NA,157,14,0,168.5,81,4.35,1.3,164,55,3.10191869263122,-1.66059747197226,251,"Brady Singer (CIN - SP) (SP) SGP: 1.44 | VAR: -1.66","2",9
"Zach Eflin (BAL - SP)","SP",92,1.43312067134424,0,0,0,0,0,1.43853530950305,1.48729855230811,0,-1.0620598530951,-0.430653337371817,NA,NA,NA,NA,NA,NA,NA,NA,110,11,0,142.1,69,4.39,1.24,149,28,3.10191869263122,-1.66879802128698,252,"Zach Eflin (BAL - SP) (SP) SGP: 1.43 | VAR: -1.67","2",9
"Yusei Kikuchi (LAA - SP)","SP",75,1.40408671558355,0,0,0,0,0,2.19703574542284,1.89292543021032,0,-0.996683390898567,-1.68919106915105,NA,NA,NA,NA,NA,NA,NA,NA,168,14,0,167,79,4.27,1.32,161,60,3.10191869263122,-1.69783197704767,253,"Yusei Kikuchi (LAA - SP) (SP) SGP: 1.4 | VAR: -1.7","2",9
"Dylan Crews (WSH - CF,RF) MiLB","OF",45,9.51181975919704,3.40241616329931,1.97901049475262,3.35666630208903,2.25450901803607,-1.48078221898,0,0,0,0,0,66,16,62,25,0.294,510,122,40,NA,NA,NA,NA,NA,NA,NA,NA,NA,11.2129036383477,-1.70108387915069,254,"Dylan Crews (WSH - CF,RF) MiLB (OF) SGP: 9.51 | VAR: -1.7","2",9
"Jack Leiter (TEX - SP)","SP",83,1.37009549104106,0,0,0,0,0,1.92240627724499,1.62250751160885,0,-1.00297239553295,-1.17184590227982,NA,NA,NA,NA,NA,NA,NA,NA,147,12,0,152.7,73,4.3,1.3,136,62,3.10191869263122,-1.73182320159016,255,"Jack Leiter (TEX - SP) (SP) SGP: 1.37 | VAR: -1.73","2",9
"Brenton Doyle (COL - CF)","OF",44,9.47174296902826,3.40241616329931,2.2263868065967,3.46494586022093,1.80360721442886,-1.42561307551754,0,0,0,0,0,66,18,64,20,0.295,515,127,36,NA,NA,NA,NA,NA,NA,NA,NA,NA,11.2129036383477,-1.74116066931947,256,"Brenton Doyle (COL - CF) (OF) SGP: 9.47 | VAR: -1.74","2",9
"Samuel Basallo (BAL - C)","C",16,7.47818086694034,2.57758800249948,2.35007496251874,3.08596740675927,0.270541082164329,-0.805990587001475,0,0,0,0,0,50,19,57,3,0.304,381,92,34,NA,NA,NA,NA,NA,NA,NA,NA,NA,9.22801056737258,-1.74982970043224,257,"Samuel Basallo (BAL - C) (C) SGP: 7.48 | VAR: -1.75","2",9
"Jeff McNeil (ATH - 2B,LF,CF,RF)","2B",27,7.89381074457157,3.14465736304936,1.48425787106447,3.14010718582522,0.360721442885772,-0.235933118253253,0,0,0,0,0,61,12,58,4,0.322,479,125,43,NA,NA,NA,NA,NA,NA,NA,NA,NA,9.70770606141486,-1.81389531684329,258,"Jeff McNeil (ATH - 2B,LF,CF,RF) (2B) SGP: 7.89 | VAR: -1.81","2",9
"Bubba Chandler (PIT - SP)","SP",94,1.24922877777428,0,0,0,0,0,1.77855274629468,1.48729855230811,0,-0.716306958840922,-1.30031556198759,NA,NA,NA,NA,NA,NA,NA,NA,136,11,0,144.1,67,4.19,1.31,135,54,3.10191869263122,-1.85268991485694,259,"Bubba Chandler (PIT - SP) (SP) SGP: 1.25 | VAR: -1.85","2",9
"Noah Cameron (KC - SP)","SP",90,1.24529189817441,0,0,0,0,0,1.63469921534438,1.75771647090959,0,-0.890442104300164,-1.25668168377939,NA,NA,NA,NA,NA,NA,NA,NA,125,13,0,147.8,70,4.25,1.3,144,49,3.10191869263122,-1.85662679445681,260,"Noah Cameron (KC - SP) (SP) SGP: 1.25 | VAR: -1.86","2",9
"Clay Holmes (NYM - SP)","SP",79,1.24323003496612,0,0,0,0,0,1.62162162162162,1.75771647090959,0,-0.319943504132526,-1.81616455343257,NA,NA,NA,NA,NA,NA,NA,NA,124,13,0,151.8,67,3.95,1.35,147,57,3.10191869263122,-1.8586886576651,261,"Clay Holmes (NYM - SP) (SP) SGP: 1.24 | VAR: -1.86","2",9
"Michael Wacha (KC - SP)","SP",81,1.21540091889864,0,0,0,0,0,1.6870095902354,1.89292543021032,0,-1.18022302729067,-1.1843110742564,NA,NA,NA,NA,NA,NA,NA,NA,129,14,0,165.8,80,4.32,1.29,165,49,3.10191869263122,-1.88651777373258,262,"Michael Wacha (KC - SP) (SP) SGP: 1.22 | VAR: -1.89","2",9
"Andres Gimenez (TOR - 2B,SS)","2B",24,7.79839726710093,3.19620912309935,1.36056971514243,3.03182762769332,1.80360721442886,-1.59381641326303,0,0,0,0,0,62,11,56,20,0.292,510,126,32,NA,NA,NA,NA,NA,NA,NA,NA,NA,9.70770606141486,-1.90930879431394,263,"Andres Gimenez (TOR - 2B,SS) (2B) SGP: 7.8 | VAR: -1.91","2",9
"TJ Friedl (CIN - LF,CF)","OF",60,9.29462089786618,3.66017496354926,1.73163418290855,3.03182762769332,1.08216432865731,-0.211180204942263,0,0,0,0,0,71,14,56,12,0.323,513,125,60,NA,NA,NA,NA,NA,NA,NA,NA,NA,11.2129036383477,-1.91828274048155,264,"TJ Friedl (CIN - LF,CF) (OF) SGP: 9.29 | VAR: -1.92","2",9
"Nolan Arenado (ARI - 3B)","3B",21,7.92545559784243,3.09310560299938,1.97901049475262,3.68150497648474,0.270541082164329,-1.09870655855863,0,0,0,0,0,60,16,68,3,0.304,510,128,38,NA,NA,NA,NA,NA,NA,NA,NA,NA,9.86000103978641,-1.93454544194398,265,"Nolan Arenado (ARI - 3B) (3B) SGP: 7.93 | VAR: -1.93","2",9
"Tatsuya Imai (HOU - SP)","SP",98,1.12521663865269,0,0,0,0,0,1.9485614646905,1.75771647090959,0,-0.941877473390849,-1.63918382355654,NA,NA,NA,NA,NA,NA,NA,NA,149,13,0,146.8,70,4.29,1.33,133,63,3.10191869263122,-1.97670205397853,266,"Tatsuya Imai (HOU - SP) (SP) SGP: 1.13 | VAR: -1.98","2",9
"Jordan Beck (COL - LF,RF)","OF",52,9.20033325344131,3.24776088314934,1.97901049475262,3.30252652302308,1.44288577154309,-0.771850419026818,0,0,0,0,0,63,16,61,16,0.31,501,125,44,NA,NA,NA,NA,NA,NA,NA,NA,NA,11.2129036383477,-2.01257038490642,267,"Jordan Beck (COL - LF,RF) (OF) SGP: 9.2 | VAR: -2.01","2",9
"Chris Bassitt (BAL - SP)","SP",78,1.05581116678218,0,0,0,0,0,1.97471665213601,1.89292543021032,0,-1.06176558156444,-1.75006533399972,NA,NA,NA,NA,NA,NA,NA,NA,151,14,0,168.1,80,4.3,1.32,165,58,3.10191869263122,-2.04610752584904,268,"Chris Bassitt (BAL - SP) (SP) SGP: 1.06 | VAR: -2.05","2",9
"Jordan Westburg (BAL - 2B,3B)","2B",28,7.65402128066158,2.88689856279942,2.10269865067466,2.92354806956141,0.360721442885772,-0.619845445259685,0,0,0,0,0,56,17,54,4,0.308,379,99,26,NA,NA,NA,NA,NA,NA,NA,NA,NA,9.70770606141486,-2.05368478075328,269,"Jordan Westburg (BAL - 2B,3B) (2B) SGP: 7.65 | VAR: -2.05","2",9
"Colton Cowser (BAL - LF,CF,RF)","OF",63,9.14118354199606,3.14465736304936,2.35007496251874,3.30252652302308,1.17234468937876,-0.828419995973877,0,0,0,0,0,61,19,61,13,0.306,436,101,47,NA,NA,NA,NA,NA,NA,NA,NA,NA,11.2129036383477,-2.07172009635167,270,"Colton Cowser (BAL - LF,CF,RF) (OF) SGP: 9.14 | VAR: -2.07","2",9
"J.T. Realmuto (PHI - C)","C",15,7.12106243389318,2.83534680274943,1.73163418290855,2.92354806956141,0.6312625250501,-1.00072914637631,0,0,0,0,0,55,14,54,7,0.301,434,109,31,NA,NA,NA,NA,NA,NA,NA,NA,NA,9.22801056737258,-2.10694813347941,271,"J.T. Realmuto (PHI - C) (C) SGP: 7.12 | VAR: -2.11","2",9
"Matt Wallner (MIN - LF,RF)","OF",67,9.05716743044835,3.04155384294939,2.72113943028486,3.41080608115498,0.450901803607214,-0.567233727548085,0,0,0,0,0,59,22,63,5,0.313,409,94,49,NA,NA,NA,NA,NA,NA,NA,NA,NA,11.2129036383477,-2.15573620789937,272,"Matt Wallner (MIN - LF,RF) (OF) SGP: 9.06 | VAR: -2.16","2",9
"Kerry Carpenter (DET - LF,RF,DH)","OF",49,9.04221946942312,3.14465736304936,2.8448275862069,3.78978453461665,0.180360721442886,-0.91741073589267,0,0,0,0,0,61,23,70,2,0.301,438,112,30,NA,NA,NA,NA,NA,NA,NA,NA,NA,11.2129036383477,-2.1706841689246,273,"Kerry Carpenter (DET - LF,RF,DH) (OF) SGP: 9.04 | VAR: -2.17","2",9
"Nolan Schanuel (LAA - 1B)","1B",27,9.7310040327262,3.55707144344928,1.60794602698651,3.14010718582522,0.541082164328657,0.884797212136539,0,0,0,0,0,69,13,58,6,0.346,510,134,65,NA,NA,NA,NA,NA,NA,NA,NA,NA,11.9165836981116,-2.18557966538538,274,"Nolan Schanuel (LAA - 1B) (1B) SGP: 9.73 | VAR: -2.19","2",9
"Christian Walker (HOU - 1B)","1B",23,9.64636621151971,3.4539679233493,3.09220389805097,4.22290276714426,0.270541082164329,-1.39324945918915,0,0,0,0,0,67,25,78,3,0.296,515,120,47,NA,NA,NA,NA,NA,NA,NA,NA,NA,11.9165836981116,-2.27021748659187,275,"Christian Walker (HOU - 1B) (1B) SGP: 9.65 | VAR: -2.27","1",10
"Ramon Laureano (SD - LF,CF,RF)","OF",53,8.93289311071619,3.29931264319933,2.35007496251874,3.51908563928689,0.721442885771543,-0.957023020060311,0,0,0,0,0,64,19,65,8,0.303,463,115,37,NA,NA,NA,NA,NA,NA,NA,NA,NA,11.2129036383477,-2.28001052763154,276,"Ramon Laureano (SD - LF,CF,RF) (OF) SGP: 8.93 | VAR: -2.28","1",10
"Austin Wells (NYY - C)","C",19,6.90774866260196,2.52603624244949,2.2263868065967,3.08596740675927,0.360721442885772,-1.29136323608927,0,0,0,0,0,49,18,57,4,0.291,390,87,37,NA,NA,NA,NA,NA,NA,NA,NA,NA,9.22801056737258,-2.32026190477062,277,"Austin Wells (NYY - C) (C) SGP: 6.91 | VAR: -2.32","1",10
"Jacob Wilson (ATH - SS)","SS",16,9.67203983401112,3.66017496354926,1.48425787106447,3.62736519741879,0.541082164328657,0.359159637649944,0,0,0,0,0,71,12,67,6,0.336,533,158,31,NA,NA,NA,NA,NA,NA,NA,NA,NA,12.0377372392699,-2.36569740525882,278,"Jacob Wilson (ATH - SS) (SS) SGP: 9.67 | VAR: -2.37","1",10
"Ezequiel Tovar (COL - SS)","SS",17,9.66804916614845,3.91793376379921,2.47376311844078,3.89806409274855,0.721442885771543,-1.34315469461163,0,0,0,0,0,76,20,72,8,0.3,581,153,31,NA,NA,NA,NA,NA,NA,NA,NA,NA,12.0377372392699,-2.36968807312149,279,"Ezequiel Tovar (COL - SS) (SS) SGP: 9.67 | VAR: -2.37","1",10
"Mickey Moniak (COL - LF,CF,RF)","OF",47,8.83989716320791,3.09310560299938,2.47376311844078,3.46494586022093,0.811623246492986,-1.00354066494616,0,0,0,0,0,60,20,64,9,0.3,435,114,24,NA,NA,NA,NA,NA,NA,NA,NA,NA,11.2129036383477,-2.37300647513981,280,"Mickey Moniak (COL - LF,CF,RF) (OF) SGP: 8.84 | VAR: -2.37","1",10
"Xander Bogaerts (SD - SS)","SS",21,9.6454929831311,3.50551968339929,1.60794602698651,3.19424696489117,1.44288577154309,-0.105105463688955,0,0,0,0,0,68,13,59,16,0.325,519,137,47,NA,NA,NA,NA,NA,NA,NA,NA,NA,12.0377372392699,-2.39224425613883,281,"Xander Bogaerts (SD - SS) (SS) SGP: 9.65 | VAR: -2.39","1",10
"Brayan Bello (BOS - SP)","SP",95,0.664118978861592,0,0,0,0,0,1.67393199651264,1.75771647090959,0,-0.898117588063198,-1.86941190049744,NA,NA,NA,NA,NA,NA,NA,NA,128,13,0,157.1,74,4.26,1.34,156,55,3.10191869263122,-2.43779971376963,282,"Brayan Bello (BOS - SP) (SP) SGP: 0.66 | VAR: -2.44","1",10
"Mark Vientos (NYM - 3B,DH)","3B",28,7.41339432901216,2.68069152259946,2.35007496251874,3.35666630208903,0.0901803607214429,-1.06421881891651,0,0,0,0,0,52,19,62,1,0.299,413,100,33,NA,NA,NA,NA,NA,NA,NA,NA,NA,9.86000103978641,-2.44660671077425,283,"Mark Vientos (NYM - 3B,DH) (3B) SGP: 7.41 | VAR: -2.45","1",10
"Daylen Lile (WSH - LF,RF)","OF",50,8.74393210992503,3.40241616329931,1.36056971514243,3.24838674395712,1.2625250501002,-0.52996556257404,0,0,0,0,0,66,11,60,14,0.315,500,133,36,NA,NA,NA,NA,NA,NA,NA,NA,NA,11.2129036383477,-2.4689715284227,284,"Daylen Lile (WSH - LF,RF) (OF) SGP: 8.74 | VAR: -2.47","1",10
"Ernie Clement (TOR - 1B,2B,3B,SS)","2B",22,7.21472922402471,3.35086440324932,1.23688155922039,3.14010718582522,0.721442885771543,-1.23456681004176,0,0,0,0,0,65,10,58,8,0.299,525,140,25,NA,NA,NA,NA,NA,NA,NA,NA,NA,9.70770606141486,-2.49297683739015,285,"Ernie Clement (TOR - 1B,2B,3B,SS) (2B) SGP: 7.21 | VAR: -2.49","1",10
"Sal Stewart (CIN - 1B)","1B",24,9.3491301880942,3.09310560299938,2.2263868065967,3.51908563928689,0.6312625250501,-0.120710385838863,0,0,0,0,0,60,18,65,7,0.325,440,117,38,NA,NA,NA,NA,NA,NA,NA,NA,NA,11.9165836981116,-2.56745351001739,286,"Sal Stewart (CIN - 1B) (1B) SGP: 9.35 | VAR: -2.57","1",10
"Ryan O'Hearn (PIT - 1B,LF,RF,DH)","OF",65,8.58978441482598,3.14465736304936,1.73163418290855,3.19424696489117,0.270541082164329,0.248704821812566,0,0,0,0,0,61,14,59,3,0.333,460,122,47,NA,NA,NA,NA,NA,NA,NA,NA,NA,11.2129036383477,-2.62311922352175,287,"Ryan O'Hearn (PIT - 1B,LF,RF,DH) (OF) SGP: 8.59 | VAR: -2.62","1",10
"Connor Norby (MIA - 3B)","3B",30,7.19009101851707,2.88689856279942,1.73163418290855,2.86940829049546,0.811623246492986,-1.10947326417934,0,0,0,0,0,56,14,53,9,0.298,433,106,33,NA,NA,NA,NA,NA,NA,NA,NA,NA,9.86000103978641,-2.66991002126934,288,"Connor Norby (MIA - 3B) (3B) SGP: 7.19 | VAR: -2.67","1",10
"Josh Bell (MIN - 1B,DH)","1B",30,9.24411770436373,3.14465736304936,2.47376311844078,3.57322541835284,0.0901803607214429,-0.0377085562006917,0,0,0,0,0,61,20,66,1,0.327,480,119,56,NA,NA,NA,NA,NA,NA,NA,NA,NA,11.9165836981116,-2.67246599374785,289,"Josh Bell (MIN - 1B,DH) (1B) SGP: 9.24 | VAR: -2.67","1",10
"Josh Jung (TEX - 3B)","3B",26,7.15337561684604,2.88689856279942,2.10269865067466,3.35666630208903,0.360721442885772,-1.55360934160285,0,0,0,0,0,56,17,62,4,0.29,481,119,29,NA,NA,NA,NA,NA,NA,NA,NA,NA,9.86000103978641,-2.70662542294038,290,"Josh Jung (TEX - 3B) (3B) SGP: 7.15 | VAR: -2.71","1",10
"Jung Hoo Lee (SF - CF)","OF",56,8.44247768977193,3.40241616329931,1.11319340329835,3.08596740675927,0.811623246492986,0.0292774699220127,0,0,0,0,0,66,9,57,9,0.327,517,140,44,NA,NA,NA,NA,NA,NA,NA,NA,NA,11.2129036383477,-2.7704259485758,291,"Jung Hoo Lee (SF - CF) (OF) SGP: 8.44 | VAR: -2.77","1",10
"Reid Detmers (LAA - RP)","RP",15,0.428409588713412,0,0,0,0,0,1.96163905841325,0,0,-0.747987543779583,-0.785241925920255,NA,NA,NA,NA,NA,NA,NA,NA,150,0,0,136.4,64,4.2,1.28,124,50,3.25057100206917,-2.82216141335575,292,"Reid Detmers (LAA - RP) (RP) SGP: 0.43 | VAR: -2.82","1",10
"Sal Frelick (MIL - LF,CF,RF)","OF",61,8.36835249633677,3.24776088314934,0.989505247376312,2.81526851142951,1.44288577154309,-0.127067917161479,0,0,0,0,0,63,8,52,16,0.325,479,127,42,NA,NA,NA,NA,NA,NA,NA,NA,NA,11.2129036383477,-2.84455114201096,293,"Sal Frelick (MIL - LF,CF,RF) (OF) SGP: 8.37 | VAR: -2.84","1",10
"Brooks Lee (MIN - 2B,3B,SS)","2B",30,6.82209586356183,2.88689856279942,1.73163418290855,3.24838674395712,0.360721442885772,-1.40554506898903,0,0,0,0,0,56,14,60,4,0.295,500,123,35,NA,NA,NA,NA,NA,NA,NA,NA,NA,9.70770606141486,-2.88561019785303,294,"Brooks Lee (MIN - 2B,3B,SS) (2B) SGP: 6.82 | VAR: -2.89","1",10
"Josh Lowe (LAA - LF,CF,RF)","OF",69,8.30236764069405,2.88689856279942,1.73163418290855,2.76112873236356,1.8937875751503,-0.971081412527772,0,0,0,0,0,56,14,51,21,0.302,432,104,38,NA,NA,NA,NA,NA,NA,NA,NA,NA,11.2129036383477,-2.91053599765368,295,"Josh Lowe (LAA - LF,CF,RF) (OF) SGP: 8.3 | VAR: -2.91","1",10
"Chandler Simpson (TB - LF,CF)","OF",58,8.28004045674896,2.78379504269944,0.123688155922039,1.78661270917642,3.69739478957916,-0.111450240628094,0,0,0,0,0,54,1,33,41,0.325,416,118,25,NA,NA,NA,NA,NA,NA,NA,NA,NA,11.2129036383477,-2.93286318159877,296,"Chandler Simpson (TB - LF,CF) (OF) SGP: 8.28 | VAR: -2.93","1",10
"Konnor Griffin (PIT - SS,CF) NRI","OF",62,8.22914511517952,2.9900020828994,1.36056971514243,2.76112873236356,1.8937875751503,-0.77634299037616,0,0,0,0,0,58,11,51,21,0.303,393,101,27,NA,NA,NA,NA,NA,NA,NA,NA,NA,11.2129036383477,-2.98375852316821,297,"Konnor Griffin (PIT - SS,CF) NRI (OF) SGP: 8.23 | VAR: -2.98","1",10
"Foster Griffin (WSH - RP)","RP",28,0.261535673838097,0,0,0,0,0,1.60854402789887,0,0,-0.638900755100992,-0.708107598959777,NA,NA,NA,NA,NA,NA,NA,NA,123,0,0,133.8,62,4.15,1.28,128,42,3.25057100206917,-2.98903532823107,298,"Foster Griffin (WSH - RP) (RP) SGP: 0.26 | VAR: -2.99","1",10
"Jake Burger (TEX - 1B)","1B",22,8.8572625189123,3.29931264319933,3.21589205397301,4.11462320901236,0.180360721442886,-1.9529261087153,0,0,0,0,0,64,26,76,2,0.284,505,122,29,NA,NA,NA,NA,NA,NA,NA,NA,NA,11.9165836981116,-3.05932117919929,299,"Jake Burger (TEX - 1B) (1B) SGP: 8.86 | VAR: -3.06","1",10
"Masyn Winn (STL - SS)","SS",22,8.9417826206971,3.81483024369923,1.73163418290855,3.46494586022093,1.08216432865731,-1.15179199478892,0,0,0,0,0,74,14,64,12,0.305,569,144,42,NA,NA,NA,NA,NA,NA,NA,NA,NA,12.0377372392699,-3.09595461857284,300,"Masyn Winn (STL - SS) (SS) SGP: 8.94 | VAR: -3.1","1",10
"Steven Matz (TB - RP)","RP",40,0.140519025646041,0,0,0,0,0,1.37314734088928,0,0,-0.535985867409773,-0.696642447833461,NA,NA,NA,NA,NA,NA,NA,NA,105,0,0,124,57,4.17,1.28,124,34,3.25057100206917,-3.11005197642312,301,"Steven Matz (TB - RP) (RP) SGP: 0.14 | VAR: -3.11","1",10
"Jac Caglianone (KC - 1B,RF)","OF",68,8.05481601269565,2.93845032284941,2.35007496251874,3.35666630208903,0.270541082164329,-0.860916656925855,0,0,0,0,0,57,19,62,3,0.305,435,107,37,NA,NA,NA,NA,NA,NA,NA,NA,NA,11.2129036383477,-3.15808762565208,302,"Jac Caglianone (KC - 1B,RF) (OF) SGP: 8.05 | VAR: -3.16","1",10
"Logan O'Hoppe (LAA - C)","C",20,6.03170000919389,2.42293272234951,2.2263868065967,2.81526851142951,0.180360721442886,-1.61324875262471,0,0,0,0,0,47,18,52,2,0.284,409,94,30,NA,NA,NA,NA,NA,NA,NA,NA,NA,9.22801056737258,-3.19631055817869,303,"Logan O'Hoppe (LAA - C) (C) SGP: 6.03 | VAR: -3.2","1",10
"Colson Montgomery (CWS - 3B,SS)","SS",29,8.75902624718874,3.40241616329931,2.96851574212894,3.9522038718145,0.270541082164329,-1.83465061221834,0,0,0,0,0,66,24,73,3,0.286,506,111,48,NA,NA,NA,NA,NA,NA,NA,NA,NA,12.0377372392699,-3.2787109920812,304,"Colson Montgomery (CWS - 3B,SS) (SS) SGP: 8.76 | VAR: -3.28","1",10
"Andrew Vaughn (MIL - 1B)","1B",26,8.54759079159,3.04155384294939,2.35007496251874,3.9522038718145,0.0901803607214429,-0.886422246414074,0,0,0,0,0,59,19,73,1,0.305,495,125,39,NA,NA,NA,NA,NA,NA,NA,NA,NA,11.9165836981116,-3.36899290652159,305,"Andrew Vaughn (MIL - 1B) (1B) SGP: 8.55 | VAR: -3.37","1",10
"Quinn Priester (MIL - SP,RP)","RP",30,-0.142401029829383,0,0,0,0,0,1.46469049694856,0,0,-0.577208938705357,-1.02988258807259,NA,NA,NA,NA,NA,NA,NA,NA,112,0,0,135,62,4.12,1.3,131,44,3.25057100206917,-3.39297203189855,306,"Quinn Priester (MIL - SP,RP) (RP) SGP: -0.14 | VAR: -3.39","1",10
"Kevin McGonigle (DET - SS) NRI","SS",30,8.44678849440803,2.9900020828994,1.60794602698651,2.81526851142951,0.811623246492986,0.22194862659963,0,0,0,0,0,58,13,52,9,0.331,407,105,46,NA,NA,NA,NA,NA,NA,NA,NA,NA,12.0377372392699,-3.59094874486191,307,"Kevin McGonigle (DET - SS) NRI (SS) SGP: 8.45 | VAR: -3.59","1",10
"Nick Martinez (TB - SP,RP)","RP",32,-0.397700514956731,0,0,0,0,0,1.46469049694856,0,0,-1.06014485925374,-0.802246152651556,NA,NA,NA,NA,NA,NA,NA,NA,112,0,0,144.5,70,4.33,1.28,145,39,3.25057100206917,-3.6482715170259,308,"Nick Martinez (TB - SP,RP) (RP) SGP: -0.4 | VAR: -3.65",NA,NA
